m.011zg9	Michelle Kwan	http://25.media.tumblr.com/tumblr_m31siczZAp1r5ashao1_1280.jpg	Face_Id0	m.null	0.5354929
m.0126rp	Eddie Izzard	http://coblogtest.files.wordpress.com/2014/02/eddieizzard_1.jpg	Face_Id0	m.0126rp	0.977821
m.0139rh	Hugo Black	http://img3.wikia.nocookie.net/__cb20090420035448/turtledove/images/9/96/HugoBlack2.jpg	Face_Id0	m.0139rh	0.8475294
m.013_tp	Jules Rimet	http://2.bp.blogspot.com/-4Wvx7YUzwV8/TsTgoGCrE_I/AAAAAAAAAEI/3dpGS-S1dvk/s1600/Jules+Rimet.jpg	Face_Id0	m.013_tp	0.990141
m.014g_f	Steve Waugh	http://3.bp.blogspot.com/-5Tg3goULHH0/T3loL-ccw5I/AAAAAAAAB28/gqGqMACdD_k/s1600/Steve-Waugh-7.jpg	Face_Id0	m.null	0.660076
m.014m_1	Caspar Weinberger	http://www.advocatesforrotc.org/harvard/images/weinberger.jpg	Face_Id0	m.014m_1	0.9947399
m.015f7	Britney Spears	http://2.bp.blogspot.com/-sKZLdxQzBcg/UO1grs2zEWI/AAAAAAAAHls/__A54jjWBvs/s1600/britney-spears-britney-spears-19461343-fanpop-fanclubs.jpg	Face_Id0	m.015f7	0.9710503
m.015nvj	Carol Reed	http://kpitalrisk.free.fr/images/stars/18000/s_18779s___cm____carol_reed____1___93_.jpg	Face_Id0	m.015nvj	0.9960256
m.015pvh	Bonnie Hunt	http://pgoaamericanprofile2.files.wordpress.com/2004/02/bonniehunt3.jpg	Face_Id0	m.015pvh	0.9998806
m.016hvl	Pier Paolo Pasolini	http://www.nostraitalia.it/wp-content/uploads/PIER-PAOLO-PASOLINI.jpg	Face_Id0	m.016hvl	0.9982575
m.016vz1	Jeremy Gelbwaks	http://media-cache-ec0.pinimg.com/736x/63/1a/c0/631ac0cc674ea957343e6eb261edda28.jpg	Face_Id0	m.016vz1	0.9486741
m.0173wy	John Dickson Carr	http://www.specialx.net/specialxdotnet/crucified_images/John-Dickson-Carr.jpg	Face_Id0	m.0173wy	0.8390247
m.017mhw	Ishi	http://animalderuta.files.wordpress.com/2011/05/ishi_1914.jpg	Face_Id0	m.017mhw	0.5878985
m.01_3ds	David Gerrold	http://img3.wikia.nocookie.net/__cb20120725021105/memoryalpha/en/images/3/3f/David_Gerrold.jpg	Face_Id0	m.01_3ds	0.9997113
m.01_thm	A. S. Byatt	http://writinglabatunt.files.wordpress.com/2013/08/a-s-byatt.jpg	Face_Id0	m.01_thm	0.9987708
m.01b5sg	Jasper Fforde	http://www.vjbooks.com/v/vspfiles/assets/images/ffordejasper.jpg	Face_Id0	m.01b5sg	0.9960444
m.01bh6y	Jean Simmons	http://1.bp.blogspot.com/-JmYaezjln8g/Twp9SQu3sXI/AAAAAAAAMR8/s70wB2lNAfU/s1600/Jean-Simmons-imagenes.jpg	Face_Id0	m.01bh6y	0.9775408
m.01c24d	Zhang Zizhong	http://www.theworldofchinese.com/wp-content/uploads/2013/12/zhang-zizhong.jpeg	Face_Id0	m.null	0.1785243
m.01c6dg	Chris Squire	http://keyassets.timeincuk.net/inspirewp/live/wp-content/uploads/sites/28/2015/06/Chris-Squire.jpg	Face_Id0	m.null	0.08532649
m.01f873	Tony Leung Chiu Wai	http://cdn.cinemur.fr/persons/media/original/tony-leung-chiu-wai_13370_5220a82a02886.jpg	Face_Id0	m.01f873	0.8624443
m.01fb4n	Mark O. Barton	http://www.popcrunch.com/wp-content/uploads/2011/03/Mark-O.-Barton.jpg	Face_Id0	m.null	0.3070571
m.01fdsm	Michel Platini	http://2.bp.blogspot.com/_9aDELHWGZ1Y/TDQg7iyhLkI/AAAAAAAAAGE/Vdo2geppCa4/s1600/michel.platini.jpg	Face_Id0	m.01fdsm	0.9998512
m.01fpkg	Lady Bird Johnson	http://upload.wikimedia.org/wikipedia/commons/thumb/b/b5/Lady_Bird_Johnson_portrait_by_Shikler%2C_1978.jpg/446px-Lady_Bird_Johnson_portrait_by_Shikler%2C_1978.jpg	Face_Id0	m.01fpkg	0.9525977
m.01hqd4	Fran Brill	http://images1.wikia.nocookie.net/__cb20130816132029/disney/images/thumb/0/05/Franbrill-whataboutbob.jpg/176px-Franbrill-whataboutbob.jpg	Face_Id0	m.01hqd4	0.1735703
m.01j79_	Sylvia Pankhurst	http://upload.wikimedia.org/wikipedia/commons/8/85/Sylvia_Pankhurst_1909.jpeg	Face_Id0	m.01j79_	0.9971214
m.01jntl0	John Entwistle	http://bootlegpedia.com/imagesCache.php?site=bootlegpedia&image=JohnEntwistle-002.jpg&directory=&height=325&width=425&rootDirectory=images	Face_Id0	m.01jntl0	0.9906502
m.01kgsl	Billy Bishop	http://www3.onf.ca/cefhistoire/docs/docs/coll/DOC_595289.jpg	Face_Id0	m.01kgsl	0.9552624
m.01l2d48	Eddie Floyd	http://www.soultracks.com/files/images/artist2/Eddie_Floyd_Artist.jpg	Face_Id0	m.01l2d48	0.9869643
m.01lmdqz	Terri Clark	http://stardomreport.com/wp-content/uploads/2014/02/Terri-Clark.jpg	Face_Id0	m.01lmdqz	0.9900541
m.01lnwh9	Ian McNabb	http://www.neilobrienentertainment.com/wp-content/uploads/2013/11/ian-mcnabb.jpg	Face_Id0	m.null	0.02519182
m.01m1qkq	Kevin Max	http://en.academic.ru/pictures/enwiki/75/KevinMax.jpg	Face_Id0	m.01m1qkq	0.9970197
m.01m29m	Maurice Blanchot	http://www.babelio.com/users/AVT_Maurice-Blanchot_1163.pjpeg	Face_Id0	m.null	0.9992772
m.01m29sh	Tommy Roe Shiela	http://paulvanriet.nl/GRAPHICS/1962/6211160212.jpg	Face_Id0	m.null	0.9831693
m.01m65sp	Sean Lennon	http://a1.files.biography.com/image/upload/c_fit,dpr_1.0,h_1200,q_80,w_1200/MTE5NTU2MzE2MDM5MTg1OTMx.jpg	Face_Id0	m.01m65sp	0.9999633
m.01nbq4	Jeremy Clarkson	http://naekranie.pl/wp-content/uploads/2015/03/Jeremy-Clarkson.jpg	Face_Id0	m.01nbq4	0.8652329
m.01nhrrw	Prince Jazzbo	http://www.mojo4music.com/media/2013/09/prince-jazzbo-770.jpg	Face_Id0	m.null	0.341005
m.01p1lf	Empress Michiko	http://media-cache-ec0.pinimg.com/736x/e8/07/29/e807297f667afd58efff35799e777014.jpg	Face_Id0	m.01p1lf	0.9512636
m.01pc1lt	Rhianna	http://images2.fanpop.com/images/photos/6400000/-Rihanna-rihanna-6465328-1280-1024.jpg	Face_Id0	m.null	0.1848201
m.01pcq3	Anna Paquin	http://4.bp.blogspot.com/-YdJnRDvduGI/UZ-H1d5nTcI/AAAAAAAAUlI/rFpOynZFk7o/s1600/anna-paquin-1200.jpg	Face_Id0	m.01pcq3	0.9166127
m.01pn75d	Ritsuko Okazaki	http://image.mp3.zdn.vn/thumb/240_240/avatars/9/1/915dcb14c1b781924e769679466839a0_1334994116.jpg	Face_Id0	m.null	0.2044194
m.01pss2n	Debra Laws	http://www.jadarentertainment.com/publishImages/Debra-Laws~~element102.jpg	Face_Id0	m.01pss2n	0.7319983
m.01q1c1p	J-Kwon	http://s3-ec.buzzfed.com/static/2014-06/3/18/enhanced/webdr08/anigif_enhanced-16674-1401834390-12.gif	Face_Id0	m.null	0.1713156
m.01qc5p1	Mikuni Shimokawa	http://farm5.staticflickr.com/4079/4915966563_4fdd320ed9_z.jpg	Face_Id0	m.01qc5p1	0.9971859
m.01qj8f	Alice Munro	http://www.chicagotribune.com/media/photo/2012-11/73343066.jpg	Face_Id0	m.01qj8f	0.9996759
m.01rt5r7	Margot Eskens	http://img.cdandlp.com/2012/06/imgL/115396703.jpg	Face_Id0	m.01rt5r7	0.9981413
m.01vf_pf	Jenny Tseng	http://images.takungpao.com/2013/0219/20130219072605401.jpg	Face_Id0	m.01vf_pf	0.9941936
m.01vklb1	Fred Cockerham	http://fieldrecorder.org/wp-content/uploads/2015/03/FRC101_FCockerham.jpg	Face_Id0	m.null	0.03851744
m.01vs68p	Nicolaï Ghiaurov	http://cps-static.rovicorp.com/3/JPG_400/MI0003/171/MI0003171825.jpg?partner=allrovi.com	Face_Id0	m.null	0.0443995
m.01vvpk9	Mattie Moss Clark	http://1.bp.blogspot.com/-uQB8OC0WiNc/UbWBzivLFyI/AAAAAAAAGCE/5wwx-98_Y-w/s1600/Dr.+Clark+in+gold+robe.jpg	Face_Id0	m.01vvpk9	0.8797141
m.01vw5ts	Bunny Wailer	http://i.ytimg.com/vi/uo5VMu10rNI/maxresdefault.jpg	Face_Id0	m.01vw5ts	0.6611275
m.01vwllw	Susan Sarandon	http://www.celebritypicnic.com/celebrities/susan-sarandon/susan-sarandon_7.jpg	Face_Id0	m.null	0.4931754
m.01w_wfs	William Purvis	http://4.bp.blogspot.com/-N_i2WXJZotM/ToSOMoOjhOI/AAAAAAAABTo/aZA3jw0yoOI/s1600/purvis_v.jpg	Face_Id0	m.null	0.03381708
m.01wk7b7	John Stamos	http://laverdaddiario.com/wp-content/uploads/2015/06/John_Stamos.jpg	Face_Id0	m.01wk7b7	0.9911882
m.01wm_xm	Jon Hiseman	http://www.drummerworld.com/pics/drum/dpa13/jonhiseman2.jpg	Face_Id0	m.null	0.1505335
m.01wqt5h	Marco Sfogli	http://media-cache-ak0.pinimg.com/736x/aa/a0/ae/aaa0aee11978a6a47b497f251c5c81f7.jpg	Face_Id0	m.01wqt5h	0.2111015
m.01wrdd3	Ace Young	http://img.spokeo.com/public/900-600/ace_young_2014_01_15.jpg	Face_Id0	m.01wrdd3	0.9998046
m.01wvnws	Gotye	http://www.mokkaauge.de/wp-content/uploads/2011/12/gotye1.jpg	Face_Id0	m.01wvnws	0.9893378
m.01wx9zs	Jack Lawrence	http://farm1.staticflickr.com/55/126791471_08bb4b3c2c_z.jpg?zz=1	Face_Id0	m.01wx9zs	0.6086221
m.01x53m	J. M. Coetzee	http://akifrases.com/imagenes/j-m-coetzee.jpg	Face_Id0	m.01x53m	0.9983954
m.01xcbv	Tom Reamy	http://argus-acia.com/images/treamy.jpg	Face_Id0	m.null	0.01589052
m.01xg_w	Meagan Good	http://www.steveharvey.com/wp-content/uploads/2014/06/Meagan-Good-0889-1-1-1.jpg	Face_Id0	m.01xg_w	0.99137
m.01z0rcq	Mary-Kate Olsen	http://www.semanticsys.org/wallpaper/mary-kate-olsen/mary-kate-olsen-17505.jpg	Face_Id0	m.01z0rcq	0.3552265
m.01zw05	Rocco Siffredi	http://ia.media-imdb.com/images/M/MV5BMTY4NjUzNzQ0OF5BMl5BanBnXkFtZTcwOTIyNTcxOA@@._V1._SX640_SY849_.jpg	Face_Id0	m.01zw05	0.9975843
m.0202p_	Peter Lawford	http://www.oldukphotos.com/graphics/Actors%20and%20Actresses/Actor,%20Peter%20Lawford%20-%20Metro%20Golwdyn%20Mayer.jpg	Face_Id0	m.0202p_	0.9974743
m.021fy5	Fredrik Reinfeldt	http://www.dagensarena.se/wp-content/blogs.dir/8/files/2013/01/fredrik-reinfeldt-664x346.jpg	Face_Id0	m.021fy5	0.9766951
m.021rms	Michael E. DeBakey	http://astro4.ast.villanova.edu/mendel/images/debakeyc.jpg	Face_Id0	m.null	0.07961303
m.021v9r	Richard Wurmbrand	http://www.formula-as.ro/magazine/attachments/730/120b_1210683427-large.jpg	Face_Id0	m.null	0.2033975
m.022w2t	Yahya Jammeh	http://1.bp.blogspot.com/-XZanSYWUJss/UV6RU34hmtI/AAAAAAAABOg/9P94yp4rWS4/s1600/Yahya-Jammeh.jpg	Face_Id0	m.022w2t	0.9830191
m.025l5	Chet Atkins	http://images4.mtv.com/uri/mgid:file:docroot:mtv.com:/crop-images/2013/09/12/Chet%20Atkins%20Getty%20Ebet%20Roberts%201994.jpg?enlarge=false&maxdimension=1300&matte=true&matteColor=black&quality=0.85	Face_Id0	m.025l5	0.8903774
m.025r7k	David Caruso	http://images2.fanpop.com/images/photos/6800000/David-Caruso-david-caruso-6879325-647-884.jpg	Face_Id0	m.025r7k	0.9993052
m.025x838	Mireille Enos	http://23ejn74ajhew3v6c2o3b0xx713lp.wpengine.netdna-cdn.com/wp-content/uploads/2014/07/Mireille-Enos-The-Killing-Season-4-Premiere-Netflix-TV-Show-Red-Carpet-Tom-LOrenzo-Site-TLO-2.jpg	Face_Id0	m.025x838	0.9976331
m.025xxb	Roger Wicker	http://www.thestar.com/content/dam/thestar/news/world/2013/04/17/police_have_suspect_in_mailing_that_tested_positive_for_ricin_says_senator/roger_wicker.jpg	Face_Id0	m.025xxb	0.9998236
m.025yjz6	Agnes Boulton	http://www.polyvore.com/cgi/img-thing?.out=jpg&size=l&tid=9910996	Face_Id0	m.025yjz6	0.8073038
m.0261cn	Emma Lazarus	http://paintingandframe.com/uploadpic/others/big/emma_lazarus_(1849-1887).jpg	Face_Id0	m.0261cn	0.9935634
m.0261dcp	Miah Nikora	http://www.irishrugby.ie/images/matchreports/MiahNikora_celebrations_ConnachtvBourgoin.jpg	Face_Id0	m.null	0.06792839
m.026308k	Antonio Carluccio	http://www.hoteliermiddleeast.com/pictures/gallery/People/Antonio-Carluccio_1.jpg	Face_Id0	m.026308k	0.999862
m.0266r6h	Katrina Bowden	http://www.keysbase.com/wallpaper/katrina-bowden/katrina-bowden-13632.jpg	Face_Id0	m.0266r6h	0.9989288
m.0268h13	Frank Lucas	http://static7.bornrichimages.com/cdn2/500/500/91/c/wp-content/uploads/s3/2013/08/fl_hdldg_300x300.jpg	Face_Id0	m.0268h13	0.9200808
m.026c59t	Ian K. Smith	http://www.fusionlifebrands.com/sites/default/files/about-dr-ian-k-smith.png	Face_Id0	m.null	0.994742
m.026c7vd	Erin Gilreath	http://3.bp.blogspot.com/_Rq31DXJ6WyE/S9YNgLt2T5I/AAAAAAAADZU/28rxH6Ex0tQ/s800/Mt+SAC+-+Britney+Henry+Project+-+019.jpg	Face_Id0	m.null	0.06954004
m.026sfgr	Harry Hubbard	http://www.destroyersonline.com/images/dd748019.jpg	Face_Id0	m.null	0.08079317
m.0270smr	Coco Rocha	http://upload.wikimedia.org/wikipedia/commons/thumb/e/e1/Coco_Rocha.jpg/220px-Coco_Rocha.jpg	Face_Id0	m.0270smr	0.9556142
m.0271dpr	Varsha Usgaonkar	http://images.mid-day.com/images/2014/dec/04Varsha-Ujgaonkar.jpg	Face_Id0	m.0271dpr	0.9859579
m.0275dmj	Kreis French	http://s3.amazonaws.com/content.sitezoogle.com/u/141444/e2ebc71bb3d2915406445f9f88cc845f0f9cdc66/medium/kingdom-heirs-47.jpg?1436540971	Face_Id0	m.null	0.007869755
m.0278j19	Stacey Roca	http://ia.media-imdb.com/images/M/MV5BMTQ5MjY3NDI3OF5BMl5BanBnXkFtZTcwNzU4OTMxOQ@@._V1_SY317_CR147,0,214,317_AL_.jpg	Face_Id0	m.0278j19	0.9919689
m.027_sn3	Charles Arthur Banks	http://upload.wikimedia.org/wikipedia/commons/thumb/3/35/CharlesArthurBanks.jpg/200px-CharlesArthurBanks.jpg	Face_Id0	m.null	0.0272487
m.027gyp5	Hannah Howell	http://3.bp.blogspot.com/-Ramo3WFnn2w/UKZxTVoS-lI/AAAAAAAAA18/vg9rRbCdIfo/s1600/hannah+howell.jpg	Face_Id0	m.027gyp5	0.1383448
m.027hyk1	Ken Cuccinelli	http://2.bp.blogspot.com/_UJYbd5G4f6Y/TDZix1ZeeRI/AAAAAAAADPg/lrsCxBRXTs4/s1600/douchebag.jpg	Face_Id0	m.027hyk1	0.9993599
m.027vcb0	Karel Schwarzenberg	http://img.blesk.cz/img/1/full/425252-img-karel-schwarzenberg-ministr-politik-crop.jpg	Face_Id0	m.027vcb0	0.9995604
m.027wxz6	Jay Carney	http://pccapitalist.files.wordpress.com/2011/02/jay-carney.jpg	Face_Id0	m.027wxz6	0.998487
m.0282ml0	Tedd Josiah	http://www.jusbeef254.com/wp-content/uploads/2014/08/tedd-studio2-300x300-300x210.jpg	Face_Id0	m.null	0.02297121
m.02_8cx	Kelly Brook	http://www.tapeteos.pl/data/media/107/big/Kelly_Brook_23.jpg	Face_Id0	m.02_8cx	0.9897826
m.02_vch	Delta Burke	http://upload.wikimedia.org/wikipedia/commons/thumb/5/5f/Deltaburke2.jpg/240px-Deltaburke2.jpg	Face_Id0	m.02_vch	0.9829607
m.02ch1w	Madeline Kahn	http://citizenscreenings.files.wordpress.com/2012/09/madeline-kahn-0.jpeg	Face_Id0	m.02ch1w	0.9994913
m.02cmrd	Susan Howatch	http://uk-img2.ciao.com/iuk/images/products/normal/917/product-6716917.jpg	Face_Id0	m.02cmrd	0.994539
m.02dk96	Lionel Robbins, Baron Robbins	http://blogs.lse.ac.uk/politicsandpolicy/files/2013/10/Lionel-Robbins.jpg	Face_Id0	m.02dk96	0.5955107
m.02dtl8	Sophie Ellis-Bextor	http://www.zupmage.eu/i/i4isGva67Z.jpg	Face_Id0	m.02dtl8	0.9880465
m.02dtry	Marla Maples	http://gatecommunity.org/wp-content/uploads/2013/01/Marla-Maples.jpeg	Face_Id0	m.02dtry	0.9852811
m.02g8h	Denis Leary	http://www4.pictures.zimbio.com/gi/Denis+Leary+Premiere+Columbia+Pictures+Amazing+oPGrTRZyjoFl.jpg	Face_Id0	m.02g8h	0.9942914
m.02h___	Nicky Hilton	http://www.aceshowbiz.com/images/wennpic/nicky-hilton-debuts-handbag-capsule-collection-01.jpg	Face_Id0	m.02h___	0.999856
m.02hf9k	Vince Carter	http://a1.att.hudong.com/81/88/01300000199339121548883946727.jpg	Face_Id0	m.02hf9k	0.7328048
m.02jgz6	Frank Knox	http://imgc.allpostersimages.com/images/P-473-488-90/37/3793/CKAIF00Z/posters/secretary-of-the-navy-frank-knox-posing-for-a-picture-behind-his-desk.jpg	Face_Id0	m.02jgz6	0.9893534
m.02k4b2	Lacey Chabert	http://images.fanpop.com/images/image_uploads/Lacey-Chabert-lacey-chabert-227545_1024_768.jpg	Face_Id0	m.02k4b2	0.5169695
m.02kf61	Ahmed Rashid	http://asiasociety.org/files/120327_ahmed_rashid_ex.jpg	Face_Id0	m.02kf61	0.994111
m.02kgy2	Rajkumar	http://3.bp.blogspot.com/-EXBykeSjzso/TplF9MtNAMI/AAAAAAAAAAw/Fipeem4gxSY/s1600/Rajkumaar+1.JPG	Face_Id0	m.02kgy2	0.8711572
m.02p_yt3	Yoji Harada	http://media-cache-ak0.pinimg.com/736x/c3/2b/dc/c32bdca5a50547f9e9f4af334b376a05.jpg	Face_Id0	m.02p_yt3	0.7360793
m.02pl77	Jim Nabors	http://img3.rnkr-static.com/user_node_img/65/1291336/C350/jim-nabors-recording-artists-and-groups-photo-u7.jpg	Face_Id0	m.02pl77	0.6695992
m.02pm71h	Ludovic Obraniak	http://e2.365dm.com/12/01/800x600/LudovicObraniak_2701299.jpg?20120112114145	Face_Id0	m.null	0.09246961
m.02ppp17	Dennis Harrah	http://www.umsportshalloffame.com/uploads/4/3/8/4/43847997/609988.jpg	Face_Id0	m.02ppp17	0.9961319
m.02q06m0	Dominic Ekandem	http://upload.wikimedia.org/wikipedia/commons/thumb/0/08/Ekandem.jpg/220px-Ekandem.jpg	Face_Id0	m.null	0.0542292
m.02q36pp	Adnan Gušo	http://media.fkzeljeznicar.ba/adnan_guso.jpg	Face_Id0	m.null	0.1016208
m.02q38w4	Indrani Haldar	http://3.bp.blogspot.com/-wBRooiKPgDM/UkXoULInStI/AAAAAAAAAPA/XT6B27BwHIQ/s1600/Indrani-Haldar-Height-weight-Bra-Size-Body-Measurements.jpg	Face_Id0	m.02q38w4	0.9994807
m.02q9lz	Sanjay Gandhi	http://economictimes.indiatimes.com/thumb/msid-36028319,width-640,resizemode-4/sanjay-gandhi.jpg	Face_Id0	m.null	0.2556973
m.02qcxk0	Ria Vandervis	http://www.riavandervis.com/images/ria_profile_1.jpg	Face_Id0	m.02qcxk0	0.9996763
m.02qmw8v	Phellipe Haagensen	http://i2.listal.com/image/2394687/600full-phellipe-haagensen.jpg	Face_Id0	m.02qmw8v	0.933557
m.02qqk5c	Steven Stamkos	http://www.thestar.com/content/dam/thestar/sports/hockey/2014/03/06/steven_stamkos_returns_with_captains_c/steven_stamkos.jpg	Face_Id0	m.02qqk5c	0.9985683
m.02qvqh0	Tom Chase	http://2.bp.blogspot.com/-H7Tg_Z6FgEo/Tf7XW40q5oI/AAAAAAAAA6U/d1yf3ImvtH4/s1600/Tom+Chase.jpg	Face_Id0	m.02qvqh0	0.07839031
m.02r2t_d	Jenny Hu	http://img3.yxlady.com/yl/UploadFiles_5361/20130828/20130828114959349.jpg	Face_Id0	m.02r2t_d	0.915798
m.02r32yg	Robert Kayanja	http://4.bp.blogspot.com/-Cy4eogL1ems/T3_oT8pLm3I/AAAAAAAAZOM/59ZFVbTAt-s/s1600/RobertKayanja.jpg	Face_Id0	m.02r32yg	0.4891223
m.02r3rr7	Matthew Briggs	http://guyanachronicle.com/wp-content/uploads/2015/03/Briggs.jpg	Face_Id0	m.02r3rr7	0.9141141
m.02r7xd1	Mya Diamond	http://bp0.blogger.com/_29i6BNyzU1A/SCNnyHeTF0I/AAAAAAAAAVc/fnv8PoYITY0/s320/DSC_0232.JPG	Face_Id0	m.02r7xd1	0.8196554
m.02rmf36	Declan Bennett	http://i2.mirror.co.uk/incoming/article4051358.ece/ALTERNATES/s615/Decland-Bennett-Charlie-Cotton-EastEnders.jpg	Face_Id0	m.02rmf36	0.9997091
m.02rmfm	Marg Helgenberger	http://images2.fanpop.com/images/photos/3200000/Marg-Helgenberger-marg-helgenberger-3228586-1024-768.jpg	Face_Id0	m.02rmfm	0.9956338
m.02rn40s	Herbert Wilcox	http://www.bbc.co.uk/staticarchive/5f7eae181e5608aecab9914339396fbefb83b18a.jpg	Face_Id0	m.null	0.1041521
m.02rs3jb	Marisa Allasio	http://upload.wikimedia.org/wikipedia/it/thumb/1/12/Marisa_Allasio.jpg/398px-Marisa_Allasio.jpg	Face_Id0	m.02rs3jb	0.989073
m.02rt1vk	Georges Garvarentz	http://www.mp3million.com/photo/0270050/Georges%20Garvarentz.jpg	Face_Id0	m.null	0.2213091
m.02vggs	John McAfee	http://www.wired.com/images_blogs/threatlevel/2012/11/21.01.FF_.McAfee.DL_.59838.Wired_McAfee__040sized1.jpg	Face_Id0	m.02vggs	0.9986071
m.02vlgc8	Lee Donghae	http://www.dramafever.com/st/img/actor_masthead/1793_LeeDongHae_b6abab.jpg	Face_Id0	m.null	0.211771
m.02vq83x	David Rodigan	http://www.schaffhausen.net/uploaded_images/david-rodigan-779310.jpg	Face_Id0	m.02vq83x	0.6038345
m.02w4fkq	Colbie Caillat	http://i1.hunantv.com/p1/20111211/1716214827.jpg	Face_Id0	m.02w4fkq	0.8128234
m.02w4g9f	Ignazio Marino	http://www.italiapost.info/wp-content/uploads/2013/06/ignazio-marino.jpg	Face_Id0	m.02w4g9f	0.9999362
m.02w_h9	Frank Rijkaard	http://static.weltsport.net/bilder/spieler/gross/2082.jpg	Face_Id0	m.02w_h9	0.999863
m.02wcyp1	Blake DeWitt	http://media-cache-ak0.pinimg.com/736x/ef/c4/14/efc414a819f8e7619723b6055080a3a5.jpg	Face_Id0	m.02wcyp1	0.7301639
m.02wlk	Frank Lloyd Wright	http://www.viajesconmitia.com/wp-content/uploads/2010/04/Frank-Lloyd-Wright.jpg	Face_Id0	m.02wlk	0.3196903
m.02wwrl0	Chauncey Bailey	http://cbssanfran.files.wordpress.com/2010/09/chauncey_bailey.jpg	Face_Id0	m.02wwrl0	0.9920901
m.02wx6g	Daniel Passarella	http://cde.peru.com/ima/0/0/6/1/1/611953/611x458/daniel-passarella.jpg	Face_Id0	m.02wx6g	0.9999262
m.02wxh8	Enzo Francescoli	http://estaticos.sport.es/resources/jpg/3/4/1349976810343.jpg	Face_Id0	m.02wxh8	0.9883647
m.02x06cr	Dietmar Schmidt	http://www.f-hc.de/client/bilder/original/110809_Dietmar_Schmidt01.jpg	Face_Id0	m.null	0.06995317
m.02x0jq6	Jeffrey Zaslow	http://2.bp.blogspot.com/-XPxDgX6am7E/T2DsqN8XjlI/AAAAAAAAMaw/ejLCQchas0s/s1600/Zaslow_edit.jpg	Face_Id0	m.null	0.0350581
m.02x3rcx	Avula Sambasiva Rao	http://andhrauniversity.edu.in/images/vc%20photos/vc-007.jpg	Face_Id0	m.null	0.1533403
m.02x63pb	Sofia Hayat	http://photos.filmibeat.com/ph-big/2011/10/13176202976629.jpg	Face_Id0	m.02x63pb	0.9984976
m.02y6kl	Maxwell Caulfield	http://www.nndb.com/people/304/000051151/max-sm.jpg	Face_Id0	m.02y6kl	0.9949995
m.02z039	Marco Scutaro	http://agenciacn.com/wp-content/uploads/2015/06/acn-marco-scutaro.jpg	Face_Id0	m.02z039	0.9999951
m.02z1hcl	Gašper Vidmar	http://www.delo.si/assets/media/picture/20120910/djvu_1223747_spelar_rsi_KOSARKA-REPREZENTANCA.jpeg?rev=1	Face_Id0	m.null	0.2192884
m.02z51yq	Dave Alex Riddett	http://aub.ac.uk/wp-content/processed/gallery/49,28,2326015237/Dave-Alex-Riddett.jpg	Face_Id0	m.null	0.1058695
m.02z53lz	Mikhail Sivakow	http://santagatando.files.wordpress.com/2009/01/mikhail_sivakov1.jpg	Face_Id0	m.null	0.1333454
m.02z66x	Ainsley Harriott	http://imgc.allpostersimages.com/images/P-473-488-90/30/3008/IF5BF00Z/poster/ainsley-harriott-tv-presenter-and-chef-in-may-1999.jpg	Face_Id0	m.02z66x	0.9210187
m.02z84_3	John G. Stumpf	http://assets.bizjournals.com/story_image/244866*304.jpg?v=1	Face_Id0	m.02z84_3	0.9911239
m.02zk8	Ferdinand de Saussure	http://8mike8.files.wordpress.com/2011/10/4198514520_3a43dd44fc.jpg?w=627	Face_Id0	m.02zk8	0.9967219
m.033069	Sid Eudy	http://www.wearysloth.com/Gallery/ActorsE/tve75250-19970323-1877.jpg	Face_Id0	m.null	0.09689548
m.0330v6	Test	http://www.profightdb.com/img/wrestlers/thumbs-600/9ab756d285test.jpg	Face_Id0	m.null	0.1718254
m.033xb6	Qi Baishi	http://upload.wikimedia.org/wikipedia/commons/thumb/e/e6/Qi_Baishi_%281946%29%2C_by_Lang_Jingshan.jpg/220px-Qi_Baishi_%281946%29%2C_by_Lang_Jingshan.jpg	Face_Id0	m.null	0.7587048
m.033zg8	Jacques Laffite	http://www.corbisimages.com/eimage/Corbis-HU013611.jpg?size=67&uid=57f8f717-51f7-4e59-bc5a-f49aee7126d4	Face_Id0	m.033zg8	0.896847
m.03573y	Grant Show	http://ia.media-imdb.com/images/M/MV5BMTk1MjU2NTQ1OF5BMl5BanBnXkFtZTcwNDgyOTE5Ng@@._V1._SX640_SY960_.jpg	Face_Id0	m.03573y	0.9999801
m.036q7f	Andy Flower	http://topnews.in/sports/files/Andy-Flower_45.jpg	Face_Id0	m.036q7f	0.9998829
m.037mbb	Tom Fletcher	http://4.bp.blogspot.com/-ib7Zf-BDJi8/TlxC_-rW4qI/AAAAAAAACRY/_dUXaJifWmY/s1600/Tom-Fletcher-actores-de-tv.jpg	Face_Id0	m.037mbb	0.9988179
m.038z5z	E. Phillips Oppenheim	http://media-cache-ec0.pinimg.com/736x/f2/40/30/f24030cbd5b30d356a516ee39d269cda.jpg	Face_Id0	m.038z5z	0.9978403
m.039jjn	DuBose Heyward	http://scliterarymap.libsci.sc.edu/literarymap/wp-content/uploads/formidable/dubose-heyward.jpg	Face_Id0	m.039jjn	0.9808611
m.03_8jj	Mae Young	http://4.bp.blogspot.com/-oUb8jsbsI5w/UtZkqQqvQ4I/AAAAAAAAFEo/OdYUWWmz_kA/s1600/Mae%2BYoung.png	Face_Id0	m.03_8jj	0.9996945
m.03b_5sv	Troy Gentile	http://www4.pictures.zimbio.com/gi/Troy+Gentile+Disney+ABC+Stars+Gather+Beverly+E9Ck4NfmaZhl.jpg	Face_Id0	m.03b_5sv	0.9961327
m.03bbdn	Caitlyn Jenner	http://movietvtechgeeks.com/wp-content/uploads/2015/06/bruce-jenner-athlete-before-caitlyn-2015.jpg	Face_Id0	m.null	0.2272174
m.03c7sbc	Rebecca Riley	http://www.mindfreedom.org/kb/youth-mental-health/rebecca-riley-60-minutes/image	Face_Id0	m.03c7sbc	0.9575357
m.03cbfhn	Vinay Pathak	http://fillum.com/wp-content/uploads/2011/12/Vinay-Pathak1.jpg	Face_Id0	m.03cbfhn	0.9367076
m.03cbqrs	Cisco Adler	http://cdn.cnwimg.com/fBaseOrig/m/041jq2h.jpg	Face_Id0	m.03cbqrs	0.9994625
m.03cdmy_	Joe Visner	http://exhibits.baseballhalloffame.org/dressed_to_the_nines/pictures/timeline_1889.jpg	Face_Id0	m.null	0.02996616
m.03ckqmj	Jiang Wu	http://www.listwns.com/images/wiki/2013216/Jiang_Wu2013216152116.jpg	Face_Id0	m.03ckqmj	0.9668106
m.03cshrw	Cristine Reyes	http://aliwanavenue.files.wordpress.com/2010/04/cristine1.jpg	Face_Id0	m.03cshrw	0.9522534
m.03ctcxn	AJ Perez	http://2.bp.blogspot.com/-KHyeM6mxVFo/Ta2v-kNEM6I/AAAAAAAAPew/G-KjyeLrPYg/s1600/aj_perez2.jpg	Face_Id0	m.03ctcxn	0.9992619
m.03d3dvr	Sebastian Castro-Tello	http://svenskfotboll.se/ImageVault/Images/height_321/width_250/compressionQuality_0/id_4550/ImageVaultHandler.aspx	Face_Id0	m.03d3dvr	0.795634
m.03dzh8	Deborah Warner	http://www.thetimes.co.uk/tto/multimedia/archive/00412/86769097_Birthday2_412232c.jpg	Face_Id0	m.03dzh8	0.9734958
m.03f3s_m	Amina Annabi	http://esctodaygdd.s3.amazonaws.com/wp-content/uploads/2013/03/600x600.jpg	Face_Id0	m.03f3s_m	0.9964392
m.03f4yt	Willy Sagnol	http://sport.bzi.ro/public/upload/photos/7/Willy_Sagnol.jpg	Face_Id0	m.03f4yt	0.9960931
m.03flm	Glenn T. Seaborg	http://www.nobelprize.org/nobel_prizes/chemistry/laureates/1951/seaborg_postcard.jpg	Face_Id0	m.03flm	0.9991971
m.03fwln	Priyanka Chopra	http://1.bp.blogspot.com/-dPSm8sdaUwU/TsURKjsyhOI/AAAAAAAAAVI/QUE_cs9lfec/s1600/Priyanka+Chopra+Hot+Pictures+%25289%2529.jpg	Face_Id0	m.03fwln	0.9853041
m.03gr7w	Brad Paisley	http://www.aceshowbiz.com/images/wennpic/brad-paisley-late-show-with-david-letterman-03.jpg	Face_Id0	m.03gr7w	0.9999791
m.03gttyr	Leonardo Medina	http://static.transfermarkt.net/bilder/spielerfotos/s_79995_14806_2011_1.jpg	Face_Id0	m.null	0.847222
m.03j0nln	Prince Buster	http://i.ytimg.com/vi/9gRCkfOi_NE/maxresdefault.jpg	Face_Id0	m.03j0nln	0.9984086
m.03j3ghh	Otis Redding	http://media-cache-ak0.pinimg.com/736x/c8/67/98/c86798a9e2a5d49806be4160b34e9718.jpg	Face_Id0	m.03j3ghh	0.9624279
m.03lb1q	Al Rosen	http://a.espncdn.com/photo/2015/0314/mlb_g_rosen_b1_600x400.jpg	Face_Id0	m.03lb1q	0.9675084
m.03ldlh	Alice Hoffman	http://media-cache-ak0.pinimg.com/736x/d5/a4/7d/d5a47d05e90707dbd808d95f8e2ae4a1.jpg	Face_Id0	m.03ldlh	0.9996382
m.03lpdd	Joan Ganz Cooney	http://www.joanganzcooneycenter.org/wp-content/uploads/2014/05/joan_ganz_cooney_gala.jpg	Face_Id0	m.03lpdd	0.9809106
m.03m6y_b	Vijay Eswaran	http://blogs-images.forbes.com/donaldfrazier/files/2012/10/1023_eswaran1_416x416.jpg	Face_Id0	m.03m6y_b	0.9999049
m.03mbxht	Pakho Chau	http://chinesemov.com/images/actors2/Pakho-Chau-1.jpg	Face_Id0	m.03mbxht	0.996311
m.03npx27	Kate Henshaw	http://wwwafricanmoviesnewscom.c.presscdn.com/wp-content/uploads/2015/10/Kate-Henshaw.jpg	Face_Id0	m.03npx27	0.9840012
m.03nq70	R. K. Laxman	http://eislibrary.files.wordpress.com/2011/11/r-k-laxman.jpg	Face_Id0	m.03nq70	0.7495941
m.03pdz3	Sean Avery	http://www4.pictures.zimbio.com/gi/Sean%2BAvery%2BTime%2BWarner%2BBeyond%2B9%2B11%2BPhoto%2BExhibit%2BRxoWm7s7FAGl.jpg	Face_Id0	m.03pdz3	0.9978232
m.03r3c7	Chris Gueffroy	http://www.stiftung-aufarbeitung.de/image.php?file=uploads/pix-publikationen/2011_dvd_gueffroy.jpg&width=180	Face_Id0	m.03r3c7	0.9812233
m.03sy5d	Hubert Dreyfus	http://socrates.berkeley.edu/~hdreyfus/images/SeoulNov2010.jpg	Face_Id0	m.03sy5d	0.9714154
m.03twmn	The Fabulous Moolah	http://www.mikemooneyham.com/wp-content/uploads/2009/11/moolah06.jpg	Face_Id0	m.03twmn	0.9983917
m.03txbq	Vienna Teng	http://img.karaoke-lyrics.net/img/artists/30031/vienna-teng-57269.jpg	Face_Id0	m.03txbq	0.9955086
m.03vw5g	Sarah Harding	http://3.bp.blogspot.com/-6MA0kAMXb7c/Tn20keZrwZI/AAAAAAAAX-M/L2zi7a6lukw/s640/Sarah-Harding-11.jpg	Face_Id0	m.03vw5g	0.8283349
m.03wn4q	Nova Peris	http://resources1.news.com.au/images/2015/08/18/1227488/879453-61460dfc-4577-11e5-bc34-34ddf35a38db.jpg	Face_Id0	m.null	0.1525163
m.03x0k6	Frederick Septimus Kelly	http://lowres-picturecabinet.com.s3-eu-west-1.amazonaws.com/38/main/101/744803.jpg	Face_Id0	m.null	0.05516925
m.0414qm3	Bruce Harlan	http://upload.wikimedia.org/wikipedia/en/3/3c/Bruce_Harlan.jpg	Face_Id0	m.null	0.03610728
m.0417qk	Andy Borowitz	http://media-cache-ec0.pinimg.com/736x/53/24/54/532454d4acac95b6a32fd3076612f486.jpg	Face_Id0	m.0417qk	0.9486912
m.041flc	Thomas Bernhard	http://www.passauer-thomas-bernhard-freunde.de/aktionen/2008_02_00_Bernhard_Tage/Dokumente/Pressefoto_Bernhard_Schmied_1988.jpg	Face_Id0	m.041flc	0.9997706
m.041q7j	Alexis Stewart	http://www3.images.coolspotters.com/photos/264235/alexis-stewart-profile.jpg	Face_Id0	m.041q7j	0.9875286
m.041twg	Claudine Auger	http://medias.myfrenchfilmfestival.com/medias/20/229/58644/format_page/claudine-auger.jpg	Face_Id0	m.041twg	0.9983487
m.043qnkh	Pai Ping-ping	http://i0.sinaimg.cn/ent/y/2014-02-17/U4611P28T3D4098072F326DT20140217230423.jpg	Face_Id0	m.043qnkh	0.9383247
m.043qv	Joe Pass	http://media-cache-ec0.pinimg.com/736x/70/62/97/7062975b1c55b201a4f138dd64a5cc28.jpg	Face_Id0	m.null	0.02911173
m.044wrx	Lothar von Trotha	http://www.constantinereport.com/wp-content/uploads/2010/07/untitled4.bmp	Face_Id0	m.044wrx	0.1870453
m.0456xp	Sienna Miller	http://1.bp.blogspot.com/-3Bnqzzb8c_A/T8xbaULrrwI/AAAAAAAAGgQ/apF8jeKf43Q/s1600/Sienna-Miller-2012-04.jpg	Face_Id0	m.0456xp	0.9614621
m.046y3	Johan Cruyff	http://i.huffpost.com/gen/3572460/thumbs/o-JOHAN-CRUYFF-570.jpg	Face_Id0	m.046y3	0.9813914
m.04790n	Michael Teutul	http://www.tvtimemachine.com/sys/wp-content/uploads/2012/06/MikeySmall.jpg	Face_Id0	m.04790n	0.9986553
m.047cqf3	Rooney Mara	http://media-cache-ec0.pinimg.com/originals/9c/d6/da/9cd6dad653ebed2160bdb2684d3b6924.jpg	Face_Id0	m.047cqf3	0.9920762
m.047cqr	Brian K. Vaughan	http://farm1.staticflickr.com/133/415204962_c24ba13ab3_z.jpg?zz=1	Face_Id0	m.047cqr	0.9895145
m.047ppz0	Michael Del Zotto	http://cdn.fansided.com/wp-content/blogs.dir/72/files/2015/09/michael-del-zotto-nhl-philadelphia-flyers-montreal-canadiens.jpg	Face_Id0	m.047ppz0	0.9697908
m.047qr7t	Karlen Mkrtchyan	http://cdn.bleacherreport.net/images_root/gallery_images/photos/001/136/995/129080484_crop_450x500.jpg?1318447859	Face_Id0	m.047qr7t	0.9391122
m.047y9r	Kathryn Kuhlman	http://www.billyburke.org/portals/0/Images/KathrynKuhlman.jpg	Face_Id0	m.047y9r	0.9998559
m.04928s	Ted Poe	http://www.trbimg.com/img-50baea9c/turbine/la-apphoto-ted-poe.jpg-20121201/600	Face_Id0	m.04928s	0.99986
m.049fcmc	Gil Askey	http://images.smh.com.au/2014/04/14/5349781/14lwaskey_20140414210535533348-620x349.jpg	Face_Id0	m.null	0.03932379
m.04cnzx	Harold Nicholas	http://robinholland.files.wordpress.com/2012/05/harold-nicholas-01-scan_scrs.jpg?w=576&h=589	Face_Id0	m.null	0.1471176
m.04cvmyj	Claire Kuo	http://1.bp.blogspot.com/-LyC_F3JRZ24/TlxoJbiSp8I/AAAAAAAARKY/Ryylyceiu-Y/s400/claire_kuo_AnotherShe.jpg	Face_Id0	m.null	0.09671972
m.04f_phh	Mehmet Ekici	http://ais.badische-zeitung.de/piece/03/d0/b5/92/64009618.jpg	Face_Id0	m.04f_phh	0.9982722
m.04fjzg	Eric Woolfson	http://upload.wikimedia.org/wikipedia/en/d/d7/Eric_Woolfson.jpg	Face_Id0	m.04fjzg	0.9878389
m.04g06mx	Nora Tschirner	http://www.moviepilot.de/files/images/0487/0184/nora_tschirner_cut.JPG	Face_Id0	m.04g06mx	0.9999563
m.04gqtfq	Marco Pappa	http://upload.wikimedia.org/wikipedia/commons/thumb/3/39/Marcopappa.jpg/175px-Marcopappa.jpg	Face_Id0	m.null	0.2391874
m.04gvrvs	Natalia Erdyniyeva	http://www4.pictures.gi.zimbio.com/Olympics+Day+1+Archery+txL9no1b0yll.jpg	Face_Id0	m.null	0.05285225
m.04hxvg	Martin Suter	http://www.bibliomedia.ch/autoren/img/autoren/suter.jpg	Face_Id0	m.04hxvg	0.9999276
m.04j0xs	Bernard Marcus	http://images.idiva.com/media/photogallery/2012/Jan/disinheritors_bernardmarcus_600x450.jpg	Face_Id0	m.04j0xs	0.9792569
m.04jf15w	Thomas S. Ricketts	http://upload.wikimedia.org/wikipedia/commons/thumb/5/52/20120802_Thomas_S._Ricketts_cropped.jpg/220px-20120802_Thomas_S._Ricketts_cropped.jpg	Face_Id0	m.04jf15w	0.7006733
m.04jljk	Yinka Shonibare	http://afrocosmopolitan.com/wp-content/uploads/2013/01/Yinka-Shonibare-008.jpg	Face_Id0	m.04jljk	0.9991969
m.04jqhj	John Linton	http://ichef.bbci.co.uk/arts/yourpaintings/images/paintings/rnsm/large/hmp_rnsm_b23_14_92_large.jpg	Face_Id0	m.null	0.02908837
m.04lf19q	Laura Sánchez	http://www1.pictures.zimbio.com/gi/Laura+Sanchez+Diving+Day+Eight+14th+FINA+World+uqi07HZHjDsl.jpg	Face_Id0	m.null	0.2141563
m.04lhqfv	Wolfgang Pree	http://www.uni-salzburg.at/uploads/pics/WolfgangPree%5B8445%5D%5B1%5D.JPG	Face_Id0	m.null	0.02150761
m.04m_2pr	Hilda Abrahamz	http://static.cinemagia.ro/img/db/actor/02/48/34/hilda-abrahamz-592550l.jpg	Face_Id0	m.null	0.4477598
m.04mxc12	Elizabeth Gillies	http://www.aceshowbiz.com/images/wennpic/elizabeth-gillies-2011-primetime-creative-arts-emmy-awards-01.jpg	Face_Id0	m.04mxc12	0.97339
m.04n2pjf	Kazimierz Gierżod	http://en.chopin.nifc.pl/=files/foto/1/57/o/4031802.jpg	Face_Id0	m.null	0.02558156
m.04n56qz	Guan Zhen	http://upload.wikimedia.org/wikipedia/commons/5/56/Guan_Zhen.jpg	Face_Id0	m.null	0.08465818
m.04ptqp	Ed Vaizey	http://upload.wikimedia.org/wikipedia/commons/thumb/5/55/Ed_Vaizey_Official.jpg/220px-Ed_Vaizey_Official.jpg	Face_Id0	m.04ptqp	0.9965568
m.04q86bj	Anaita Shroff Adajania	http://upload.wikimedia.org/wikipedia/commons/5/52/Anaita_Shroff_Adajania.JPG	Face_Id0	m.04q86bj	0.9998037
m.04rfng	Ruby Lin	http://media-cache-ec0.pinimg.com/custom_covers/216x146/501447808449113067_1399165732.jpg	Face_Id0	m.04rfng	0.9955406
m.04s2b6	Charles Haley	http://blog.sfgate.com/49ers/files/2015/04/charles_haley.jpg	Face_Id0	m.04s2b6	0.9111248
m.04sv2g	Jeffrey Skoll	http://images.askmen.com/galleries/men/jeff-skoll/pictures/jeff-skoll-picture-2.jpg	Face_Id0	m.04sv2g	0.9879668
m.04tb54	Johanna Lindsey	http://www.fictiondb.com/biopics/4580.jpg	Face_Id0	m.04tb54	0.964435
m.04vky2	K. L. Saigal	http://img2-ak.lst.fm/i/u/avatar170s/1744f3d60d50481e97d2001069766545.jpg	Face_Id0	m.null	0.08465032
m.04yx08	Rebekah Brooks	http://www.thetimes.co.uk/tto/multimedia/archive/00332/112433184_Rebekah_B_332119c.jpg	Face_Id0	m.04yx08	0.9673848
m.04z_whh	Rachel Riley	http://4.bp.blogspot.com/-8HVJAbr7utU/UAHSppCR4xI/AAAAAAABJ9Q/ALMOQxOowDo/s1600/Rachel+Riley.jpg	Face_Id0	m.04z_whh	0.9987596
m.04zqhn	Zara Whites	http://mediamass.net/jdd/public/documents/celebrities/2502.jpg	Face_Id0	m.04zqhn	0.9799387
m.04zwk1n	Masashi Miyazawa	http://www.transfermarkt.de/bilder/spielerfotos/s_113659_3935_2013_02_18_1.jpg	Face_Id0	m.null	0.04237365
m.04zzzw0	Tori Black	http://lichnosti.net/photos/2585/12897663874.jpg	Face_Id0	m.04zzzw0	0.9491338
m.051vj08	Leroy Nash	http://murderpedia.org/male.N/images/nash_viva_leroy/nash_viva000.jpg	Face_Id0	m.null	0.01708415
m.051yvyb	Everette Brown	http://msn.foxsports.com/fe/images/NFL/Headshots/140x170/9307.jpg	Face_Id0	m.null	0.04132335
m.052vrq	Li Keqiang	http://siol.sdn.si/sn/img/13/076/634991060179543520_li_keqiang.jpg	Face_Id0	m.052vrq	0.9934201
m.054cpf	Paul Kehoe	http://upload.wikimedia.org/wikipedia/commons/4/42/Paul_Kehoe_2013.png	Face_Id0	m.null	0.04825063
m.0551179	Jane Huang	http://www.sinaimg.cn/dy/slidenews/4_img/2012_26/703_684490_493401.jpg	Face_Id0	m.null	0.07189085
m.055mwh1	Jared Murillo	http://i1.cdnds.net/10/27/550w_reality_tv_strictly_jared_murillo.jpg	Face_Id0	m.055mwh1	0.9869103
m.055xfx	Lazar Berman	http://ecx.images-amazon.com/images/I/51VxNDz-ajL._SL500_AA300_.jpg	Face_Id0	m.055xfx	0.9106274
m.0562g8z	Frederick K. C. Price	http://www.blackgospelpromo.com/press_release/72_fred%20price.jpg/72_fred%20price.jpg	Face_Id0	m.0562g8z	0.9976859
m.056f4m	John Yoo	http://www.rawstory.com/rs/wp-content/uploads/2014/12/John-Yoo-on-CNN-800x430.jpg	Face_Id0	m.056f4m	0.9988192
m.0577_gt	Maurissa Tancharoen	http://static.cinemarx.ro/poze/postere/actori/mau/Maurissa-Tancharoen-161974-634.jpg	Face_Id0	m.0577_gt	0.998599
m.057s53j	Hein Vanhaezebrouck	http://www.kaagent.be/admin/uploads/cp/notes/uploads/images/hein-vanhaezebrouck%28aa-gent%29%2805-05-2014%29.jpg	Face_Id0	m.null	0.4952283
m.05_wp1	Michael Redd	http://a.espncdn.com/combiner/i?img=/i/headshots/nba/players/full/692.png&w=350&h=254	Face_Id0	m.05_wp1	0.9986387
m.05db_7	Rachael Bella	http://2.bp.blogspot.com/-BuJb77IKtDo/TqhYkPOPfNI/AAAAAAAAqKc/X_z3qSiqxFQ/s1600/Rachael%2BBella2.jpg	Face_Id0	m.05db_7	0.9994296
m.05f6yf4	Yao Yilin	http://www.americanmadeheroes.com/pics/amh-advocates/china-commission/cong-exec-comm/cc-yao_yilin.jpg	Face_Id0	m.null	0.06079691
m.05f946d	Seth Curry	http://www.gannett-cdn.com/-mm-/98efb250ac963f16df5a928723c24d1d56dae28b/c=648-0-2176-2035&r=537&c=0-0-534-712/local/-/media/USATODAY/USATODAY/2014/03/21/1395427613000-USATSI-7532245.jpg	Face_Id0	m.05f946d	0.9997624
m.05f951	Adam Dunn	http://www3.pictures.zimbio.com/gi/Adam+Dunn+Washington+Nationals+v+Arizona+Diamondbacks+KlW1I5lvmLcl.jpg	Face_Id0	m.05f951	0.9668195
m.05g1k0	Naomi Judd	http://media3.s-nbcnews.com/i/MSNBC/Components/Video/__NEW/tdy_klg_judd_141105.jpg	Face_Id0	m.05g1k0	0.9999355
m.05h2k_8	Marco Terrazzino	http://www.footballtop.com/sites/default/files/styles/player_full/public/photos/players/terrazzino.jpg?itok=TtaoRo1b	Face_Id0	m.05h2k_8	0.9863275
m.05hks	Nicholas II of Russia	http://31.media.tumblr.com/tumblr_lm0qwm6zDo1qd3k14o1_500.jpg	Face_Id0	m.05hks	0.5712969
m.05lbdf	Dani Pedrosa	http://hdwallpaperia.com/wp-content/uploads/2014/01/Dani-Pedrosa-Wallpaper-Full-HD-2014.jpg	Face_Id0	m.05lbdf	0.9999328
m.05mtml	Joel Plaskett	http://www.lambtonshield.com/wp-content/uploads/2013/03/joel-plaskett.jpg	Face_Id0	m.05mtml	0.9969122
m.05mvpk7	Mike Posner	http://hypetrak.com/images/2013/02/mike-posner1.jpg	Face_Id0	m.05mvpk7	0.9998829
m.05nbh3	Daniele De Rossi	http://1.bp.blogspot.com/-tjcQMrFQrVo/TZrLMuqiWCI/AAAAAAAAftM/bAzrWZm58lU/s1600/Daniele%2BDe%2BRossi%2B49.jpg	Face_Id0	m.05nbh3	0.9982489
m.05p0cb8	Benjamin Franklin Keller	http://media-cache-ak0.pinimg.com/736x/e7/b6/9b/e7b69bfbd07188077517c7b2f225d007.jpg	Face_Id0	m.null	0.0249035
m.05p5fh1	Arthur F. Lederle	http://historicbostonedison.org/history/lederle.jpg	Face_Id0	m.null	0.08426744
m.05p64hp	Mariya Savinova	http://www4.pictures.zimbio.com/gi/Mariya+Savinova+Olympics+Day+13+Athletics+_gzZefEtsVql.jpg	Face_Id0	m.05p64hp	0.9999423
m.05p8j2j	Fabio Armiliato	http://img.poptower.com/pic-94053/fabio-armiliato.jpg?d=600	Face_Id0	m.05p8j2j	0.8409007
m.05p8rs1	Tsutomu Yamaguchi	http://www.equinoxio.org/UserFiles/image/2006/hibakusha/20080513-yamaguchi.jpg	Face_Id0	m.05p8rs1	0.6987343
m.05xmp5	Beth Hart	http://www.borkhavnmusikfestival.dk/media/9433/Beth-Hart_pressefoto_aug2012_2739.jpg	Face_Id0	m.05xmp5	0.7663513
m.05xqs3	David Aldridge	http://views.washingtonpost.com/theleague/authorimage/david_aldridge_145.jpg	Face_Id0	m.05xqs3	0.1401059
m.05yqrl	Leland Blaine Chapman	http://media-cache-ak0.pinimg.com/736x/a9/70/31/a970319b535246697d02eeb8833a9605.jpg	Face_Id0	m.null	0.1291149
m.05znlw3	Hermann Ehlers	http://www.hermann-ehlers.de/wp-content/uploads/2011/04/ehlers13-kas_klein.jpg	Face_Id0	m.null	0.2108485
m.05zw083	Joselu	http://www.les-transferts.com/wp-content/uploads/2014/04/joselu.jpg	Face_Id0	m.05zw083	0.9117653
m.0605gk	Robert Kubica	http://www.indymotorspeedway.com/images/Robert_Kubica.jpg	Face_Id0	m.0605gk	0.9673701
m.06127v	Tyler Stewart	http://www.contactmusic.com/pics/ln/20130529/290513_marilyn_denis_show/tyler-stewart-baranaked-ladies-on-the-marilyn_3692030.jpg	Face_Id0	m.null	0.3041508
m.063383	Pierre Veyron	http://3.bp.blogspot.com/-P7SumsXslfQ/Ugn0bydl2SI/AAAAAAAACbc/SMFAXwjisTE/s1600/Bugatti-Veyron-Grand-Sport-Vitesse-Jean-Pierre-Wimille-Special-Edition-1200-HP-and-only-3-units-available.jpg	Face_Id0	m.063383	0.2689539
m.063ym62	Timmy Hung	http://www.hkcinemagic.com/en/images/people/header/TimmyHung_508b0a2b96f2e8ba55cb63bbdb7e9679.jpg	Face_Id0	m.063ym62	0.9816983
m.0649dh	Mineko Iwasaki	http://cdn.c.photoshelter.com/img-get2/I0000xgFUr.PY8VY/fit=1000x750/mineko-iwasaki1.jpg	Face_Id0	m.0649dh	0.9963811
m.0660d0p	Pilar Rubio	http://s01.s3c.es/imag/_v3/Ecoteuve/galeria-full/pilar-rubio1.jpg	Face_Id0	m.0660d0p	0.9912246
m.0663jf	Artur Boruc	http://3.s.dziennik.pl/pliki/6915000/6915558-artur-boruc-643-385.jpg	Face_Id0	m.0663jf	0.9994647
m.066l_2y	Sarah  Sauvey	http://blog.apollocamper.com/wp-content/uploads/images/CGI0008_Sauvey32.jpg	Face_Id0	m.null	0.03741613
m.069f2v	Cuttino Mobley	http://images.complex.com/complex/image/upload/t_article_image/mobleyold_cytsz9.jpg	Face_Id0	m.069f2v	0.992609
m.06bzcd	Winsome Sears	http://www.doe.virginia.gov/boe/members/images/sears.jpg	Face_Id0	m.null	0.03036577
m.06dhmv	Elena Baltacha	http://www.10sballs.com/wordpress/wp-content/uploads/2014/06/Elena-Baltacha3.jpg	Face_Id0	m.06dhmv	0.9940446
m.06fjl2	Ali Azmat	http://2.bp.blogspot.com/-rJaAFNEeQns/UD0SsI_QYwI/AAAAAAAAAvk/3fLXWAGZXnE/s1600/Ali+azmat+converted+into+true+muslim+conversion.jpg	Face_Id0	m.06fjl2	0.8231479
m.06fkq8	Lynne Russell	http://ww1.hdnux.com/photos/37/34/55/8244084/3/628x471.jpg	Face_Id0	m.06fkq8	0.7881479
m.06fmzy	Hiro Mashima	http://static1.wikia.nocookie.net/__cb20131026205217/animebaths/images/f/f5/Hiro_Mashima.jpg	Face_Id0	m.06fmzy	0.9988445
m.06gnxk	Lily Safra	http://i.forbesimg.com/media/lists/people/lily-safra_416x416.jpg	Face_Id0	m.06gnxk	0.999705
m.06ld23	M. S. Viswanathan	http://www.cinecoffee.com/wp-content/uploads/2015/01/M.-S.-Viswanathan1.jpg	Face_Id0	m.06ld23	0.9850745
m.06mn7	Stanley Kubrick	http://www.tasteofcinema.com/wp-content/uploads/2013/03/stanley-kubrick.jpg	Face_Id0	m.06mn7	0.9824681
m.06p8g0	Bill France, Sr.	http://a3.espncdn.com/photo/2013/0719/otl_france-ch1_06.jpg	Face_Id0	m.06p8g0	0.9964306
m.06qxx0	Akshaye Khanna	http://media.santabanta.com/gallery/Indian%20%20Celebrities(M)/Akshaye%20Khanna/akshaye-khanna-16-s.jpg	Face_Id0	m.06qxx0	0.939719
m.06rc66	Aidy Boothroyd	http://news.bbc.co.uk/media/images/46309000/jpg/_46309069_aidy_boothroyd_four_766.jpg	Face_Id0	m.06rc66	0.9516222
m.06tg05	Robert Maillet	http://images.starpulse.com/pictures/2013/07/10/previews/Robert%20Maillet-TYG-035035.jpg	Face_Id0	m.null	0.05627064
m.06w3swt	Alien Huang	http://blog.omy.sg/davidgan/files/2012/05/IMG_2494.jpg	Face_Id0	m.null	0.2045525
m.06w6vg	Michael Geist	http://www.lawyersweekly.ca/images/Geist_Michael.jpg	Face_Id0	m.null	0.1066331
m.06w7jl9	Marcos Maidana	http://images.supersport.com/Marcos-Maidana-Pose-110408R300.jpg	Face_Id0	m.06w7jl9	0.9984006
m.06wgc5	Mahershala Ali	http://static.lr.airmotion.de/dsl/xml/images/offline/606/bild2903058_1000.jpg	Face_Id0	m.null	0.3529801
m.06wm0z	Zac Efron	http://statici.behindthevoiceactors.com/behindthevoiceactors/_img/actors/actor_7945.jpg	Face_Id0	m.null	0.4499505
m.06x0n3	Ryan Franklin	http://static03.mediaite.com/sportsgrid/power-grid/images/profiles/29082/ryan-franklin_x200.jpg	Face_Id0	m.06x0n3	0.7919556
m.06x58	Salma Hayek	http://2.bp.blogspot.com/-BKkyt2qQWEg/UO2wvUSlVdI/AAAAAAAAPpo/5Ah4zGAnTl8/s1600/Salma+Hayek_01.jpg	Face_Id0	m.06x58	0.9876612
m.06xjg1	Trent Ford	http://cdn.buzznet.com/assets/users16/shotgunwedding4/default/trent-ford--large-msg-118246581426.jpg	Face_Id0	m.null	0.3130793
m.06y030	Susan Lanier	http://upload.wikimedia.org/wikipedia/commons/9/92/Susan_lanier-bramlett.jpg	Face_Id0	m.06y030	0.398909
m.06y7d	Stephen Jay Gould	http://www.stephenjaygould.org/images/gould_people.jpg	Face_Id0	m.06y7d	0.989403
m.06zk4zj	Mark Cheng	http://allaboutmartialarts.com/wp-content/uploads/2013/12/mark-cheng-hd.jpg	Face_Id0	m.06zk4zj	0.9893324
m.06zl2qh	Camille Dungy	http://www.graduate.english.vt.edu/images/visiting-writers-2013/M_dungy-camille-larger.jpg	Face_Id0	m.null	0.1987215
m.06zpltg	Gill Marcus	http://www.timeslive.co.za/Feeds/2014/03/28/gill-marcus/ALTERNATES/crop_630x400/Gill+Marcus	Face_Id0	m.06zpltg	0.9999738
m.06zsjw	Jake Steed	http://shagtree.com/0/14327.jpg	Face_Id0	m.06zsjw	0.4572583
m.06ztcy	Hans Hellmut Kirst	http://www.babelio.com/users/AVT2_Kirst-Hans-Helmutt_2581.jpeg	Face_Id0	m.06ztcy	0.645529
m.06ztd0d	Nilu Phule	http://2.bp.blogspot.com/_a1vxawmF57k/TFhbLKY_lxI/AAAAAAAAB3I/cjI5ROXerV0/s400/marathi-actor-nilu-phule.jpg	Face_Id0	m.06ztd0d	0.9786056
m.0731nj	Beth Allen	http://www.nzgirl.co.nz/wp-content/uploads/2010/10/Beth_Allen.jpg	Face_Id0	m.0731nj	0.9606471
m.076bh6	Randy Carlyle	http://www.thehockeynews.com/imgs/dynamique/photos/300/YahooSports_45225.jpg	Face_Id0	m.076bh6	0.9896166
m.076zx_r	Wretch 32	http://www2.pictures.zimbio.com/gi/Wretch+32+General+Views+Grand+Prix+Ball+dvoR4auczwil.jpg	Face_Id0	m.076zx_r	0.999761
m.0775c9	Anton Pieck	http://upload.wikimedia.org/wikipedia/commons/thumb/d/da/Anton_Pieck_%281980%29.jpg/1280px-Anton_Pieck_%281980%29.jpg	Face_Id0	m.0775c9	0.9702481
m.079mt4	Dustin McGowan	http://l.yimg.com/bt/api/res/1.2/_15b.q1eTqOu9mUNrnP_bg--/YXBwaWQ9eW5ld3M7aWw9cGxhbmU7cT03NTt3PTYwMA--/http://media.zenfs.com/en/person/Ysports/dustin-mcgowan-baseball-headshot-photo.jpg	Face_Id0	m.079mt4	0.9998025
m.07_8gz	Harvey Atkin	http://www.sitcomsonline.com/photopost/data/1162/Cag214.jpg	Face_Id0	m.07_8gz	0.8402134
m.07bpwm	Michael Pataki	http://ia.media-imdb.com/images/M/MV5BNDcwNzQzNzk0MV5BMl5BanBnXkFtZTcwNDYyMjYxOA@@._V1_SX640_SY720_.jpg	Face_Id0	m.07bpwm	0.6147206
m.07dc34	Akiko Kojima	http://media-cache-ak0.pinimg.com/736x/ca/4a/56/ca4a565255cafc3b4dad30214d896185.jpg	Face_Id0	m.07dc34	0.9991641
m.07df0w	John D. Arnold	http://graphics8.nytimes.com/images/blogs/greeninc/arnold.jpeg	Face_Id0	m.null	0.03075548
m.07h_4p	Maggie Cheung Ho-yee	http://1.bp.blogspot.com/-iQ70CWq8zP0/Tliuz108rKI/AAAAAAAACgQ/8ENZmsmk0m4/s1600/Maggie+Cheung+Ho+Yee.jpg	Face_Id0	m.null	0.1019203
m.07jf_p	Uddhav Thackeray	http://www.thehindu.com/multimedia/dynamic/00101/TH04_UDDHAV_101724e.jpg	Face_Id0	m.07jf_p	0.9910383
m.07k4pgq	Trey Hardee	http://media-cache-ak0.pinimg.com/736x/fd/db/f9/fddbf9cd5594fdec33a570317cc2add4.jpg	Face_Id0	m.07k4pgq	0.9997876
m.07kcbw9	Leonid Rogozov	http://3.bp.blogspot.com/_GHGsuZYXdAw/S8pL_KWpi0I/AAAAAAAABJU/EzKLxgP1FVk/s400/Leonid_Rogozov.jpg	Face_Id0	m.07kcbw9	0.9998925
m.07kcvzh	Benjamin Moser	http://4.bp.blogspot.com/--k_86J7bYwc/TdksKZi3PoI/AAAAAAAAAGo/cVuccC-PDuQ/s1600/Benjamin+Moser+%25282%2529.JPG	Face_Id0	m.null	0.07928204
m.07khntc	Su Shulin	http://pic.baike.soso.com/p/20120903/20120903174123-197320450.jpg	Face_Id0	m.07khntc	0.924939
m.07l4_j7	Hélène Florent	http://static.7jours.ca/sites/7jours.ca/files/styles/image_575x345/public/2012-007579-043.jpg?itok=6Xpv4vi-	Face_Id0	m.null	0.45199
m.07lj4d	Zakes Mda	http://www.nb.co.za/Authors/HomePage/mda_zakes.jpg	Face_Id0	m.07lj4d	0.9791445
m.07n98r2	Vasiliĭ Sigarev	http://s3.amazonaws.com/auteurs_production/images/cast_member/65676/w240.jpg	Face_Id0	m.null	0.1098808
m.07p57j	Prince Bernhard of Orange-Nassau, van Vollenhoven	http://almanachdegotha.org/sitebuildercontent/sitebuilderpictures/Prince-Bernhard-of-Orange-Nassau-van-Vollenhoven.jpg	Face_Id0	m.07p57j	0.1571247
m.07x4nn	Michael Cammalleri	http://1.bp.blogspot.com/-BR4-uIBjw_c/TqCZSWRYI1I/AAAAAAAABsg/-km7h5WSKWY/s1600/michael_cammalleri.jpg	Face_Id0	m.07x4nn	0.7404386
m.07zv94	John Bromfield	http://media-cache-ec0.pinimg.com/736x/1d/bf/d4/1dbfd495342db8707ae9cf08a264bb82.jpg	Face_Id0	m.07zv94	0.9813442
m.0804_dv	Zeca Schall	http://1.bp.blogspot.com/_kC5MT2r5U8s/SoarHrSqz0I/AAAAAAAALMo/JqfXOqCvkRQ/s320/germany_zeca-schall3.jpg	Face_Id0	m.0804_dv	0.2459921
m.080k_62	Hayley Okines	http://www.libertatea.ro/typo3temp/pics/hayley-progeria_91f709d24b.jpg	Face_Id0	m.080k_62	0.9451975
m.080lvkb	Edward Maya	http://www.kboing.com.br/fotos/imagens/50c63dac3fcc9.jpg	Face_Id0	m.080lvkb	0.9999917
m.082_p	W. H. Auden	http://1.bp.blogspot.com/-FiOXWZh50y0/VCSRs2nJOSI/AAAAAAAABcA/HJxdTtGpEP4/s1600/Auden-portrait.jpg	Face_Id0	m.082_p	0.973967
m.086d_b	Wes Ramsey	http://img1.wikia.nocookie.net/__cb20131017195615/prettylittleliars/images/f/f6/Ramsey0001.jpg	Face_Id0	m.086d_b	0.9693188
m.086lhd	Riccardo Montolivo	http://3.bp.blogspot.com/-cirrYm0GkDE/T6mRBMGsfcI/AAAAAAAAAW0/eKt927NMnoo/s1600/Riccardo-Montolivo.jpg	Face_Id0	m.086lhd	0.9999114
m.087d4m	Hayato Sakurai	http://www.completemartialarts.com/whoswho/pride/images/hayatosakurai.jpg	Face_Id0	m.087d4m	0.8259521
m.08dn0l	Gareth Hock	http://news.bbcimg.co.uk/media/images/52790000/jpg/_52790726_74338224.jpg	Face_Id0	m.08dn0l	0.9990352
m.08ds1w	Clint Hurdle	http://3.bp.blogspot.com/-q3zuakr7rDU/Uc0CxqRt-lI/AAAAAAAAuNc/hDb9JHFEIPc/s320/Clint+Hurdle+%25283%2529.jpg	Face_Id0	m.08ds1w	0.7687256
m.08gfnp	Sam Worthington	http://3.bp.blogspot.com/-3Nn_0BdctLQ/UBV3iL9wiEI/AAAAAAAAMQo/fppugQKwgYI/s1600/Sam+22.jpg	Face_Id0	m.08gfnp	0.9454429
m.08h38k	Victor Bologan	http://en.chessbase.com/portals/4/files/news/2008/events/bologan01.jpg	Face_Id0	m.null	0.03166842
m.08h9mj	Chris Marquette	http://1.bp.blogspot.com/-MoKtdPzbRe8/UTlB-yXr59I/AAAAAAAACVs/Qhg8rXhT49A/s1600/Chris+Marquette-6.jpg	Face_Id0	m.08h9mj	0.9998061
m.08t051	Royler Gracie	http://farm8.staticflickr.com/7097/6900430160_54eacc0909_z.jpg	Face_Id0	m.08t051	0.9999931
m.08wdkk	Dmitry Medvedev	http://www.voxeurop.eu/files/images/article/Eu-Russia-16122011.jpg?1324049168	Face_Id0	m.08wdkk	0.4840522
m.08xs94	Patrick Juvet	http://static1.purepeople.com/articles/2/10/05/2/%40/44489-patrick-juvet-637x0-1.jpg	Face_Id0	m.08xs94	0.9999851
m.094ccm	Walter de Silva	http://3.bp.blogspot.com/_asPr65Cq-xY/TAOQHGiRk-I/AAAAAAAAPAQ/w0UWNXsMJtY/s1600/_Walter-de-Silva.jpg	Face_Id0	m.094ccm	0.6632196
m.095yd1	Anna Chennault	http://wiki.china.org.cn/wiki/images/6/63/Anna_Chen_Chennault.JPEG	Face_Id0	m.095yd1	0.17422
m.096r6	Melissa Sue Anderson	http://2.bp.blogspot.com/-JKMk0z6TJPs/U2EwBqapWoI/AAAAAAAAM-E/Em9igHMzrzk/s1600/AndersonMelissaSue_04301401.jpg	Face_Id0	m.096r6	0.9290173
m.09cpg7	Duncan Dokiwari	http://www.ootpdevelopments.com/board/attachments/tbcb-mods/22623d1108811107-missing-fighter-photos-dokiwari_duncan.jpg	Face_Id0	m.null	0.1004688
m.09fm75	Mehran Modiri	http://ia.media-imdb.com/images/M/MV5BMTc4MDMxMTUxOF5BMl5BanBnXkFtZTcwMDg4Njk1OA@@._V1._SX429_SY600_.jpg	Face_Id0	m.09fm75	0.9999304
m.09gds74	Sundar Pichai	http://www.elanthemag.com/wp-content/uploads/2015/08/sundar-pichai.jpg	Face_Id0	m.09gds74	0.9747329
m.09ghbq	Shawn Hatosy	http://www.aceshowbiz.com/images/wennpic/shawn-hatosy-2011-critics-choice-television-awards-01.jpg	Face_Id0	m.09ghbq	0.9999973
m.09gl474	Michelle Moist	http://media-cache-ec0.pinimg.com/736x/08/ed/bf/08edbf6389d9d364111ae32e0858d10f.jpg	Face_Id0	m.09gl474	0.9993483
m.09gndxm	Yung Ho Chang	http://fileimage.inewsweek.cn/fck_upload/20131111/13841411532496.jpg	Face_Id0	m.09gndxm	0.9276672
m.09j19m	David Jeremiah	http://i1.ytimg.com/vi/NI2BUopTwrY/maxresdefault.jpg	Face_Id0	m.09j19m	0.9882681
m.09jr92	Basangouda Patil Yatnal	http://i.ytimg.com/vi/tf_oRDdkN00/0.jpg	Face_Id0	m.null	0.1401201
m.09l0yt	Benny Mardones	http://2.bp.blogspot.com/-HQXP1jvmnmk/Uezvv14G-XI/AAAAAAAAdHg/QoYoXhWAqM8/s1600/benny_mardones.png	Face_Id0	m.09l0yt	0.945156
m.09mkd9	Xu Shuzheng	http://www.tgljw.com/JXwebmaster/edit/uploads/2011-12/201112290825085170824.jpg	Face_Id0	m.null	0.1693444
m.09ntxy	Phil Jevons	http://www.sporting-heroes.net/content/thumbnails/00158/15659-zoom.jpg	Face_Id0	m.null	0.334002
m.09p74_z	Vanu Bose	http://im.rediff.com/money/2005/oct/04vanu.jpg	Face_Id0	m.09p74_z	0.9563185
m.09rsz_y	Bill Putich	http://2.bp.blogspot.com/-0Wv0utOMNWA/Ux-r-SZX24I/AAAAAAAA99g/r5X47n-zTC4/s1600/Bill+Putich+2002+TK+Legacy+auto.jpg	Face_Id0	m.null	0.009012884
m.09t9lr	Michael F. Good	http://www.griffith.edu.au/__data/assets/image/0008/233873/MGood_gly.jpg	Face_Id0	m.null	0.1387803
m.09v6xqw	Frederick R. Koch	http://i222.photobucket.com/albums/dd138/eeberry/fredkoch.jpg	Face_Id0	m.09v6xqw	0.7524103
m.09v88v4	J. Wright Mooar	http://www.rootsweb.ancestry.com/~txscurry/towns/snyder/buffalo/jwmooar1tbn.jpg	Face_Id0	m.null	0.02470588
m.09vmll	Early life of Rabindranath Tagore	http://www.thefamouspeople.com/profiles/images/rabindranath-tagore-22.jpg	Face_Id0	m.null	0.8079461
m.09y78j	Taye Taiwo	http://www.informationng.com/wp-content/uploads/2011/08/Taye-Taiwo.jpg	Face_Id0	m.09y78j	0.9995603
m.09zmhp	Jessica Keen	http://image1.findagrave.com/photos/2008/101/6664952_120790987462.jpg	Face_Id0	m.null	0.09760867
m.0b05wf	Zoltán Czibor	http://telesport.cms.mtv.hu/file/sites/10/2014/03/F__JA19531110012.png	Face_Id0	m.0b05wf	0.9982876
m.0b0kzw	Kat Dennings	http://www.keysbase.com/wallpaper/kat-dennings/kat-dennings-79646.jpg	Face_Id0	m.0b0kzw	0.9990901
m.0b22xm	Billie Lou Watt	http://bushypark.org/images/Billie_Lou_Winn_62.jpg	Face_Id0	m.null	0.03467194
m.0b4414g	Kandice Stroh	http://static.wixstatic.com/media/a5164c_8399070c520141bdafaba0eccf349d85.jpg_srz_962_1359_85_22_0.50_1.20_0.00_jpg_srz	Face_Id0	m.null	0.128216
m.0b6h6y	Saskia Burmeister	http://www.incine.fr/media/photos_persos/big/Saskia-burmeister_1297496132.jpg	Face_Id0	m.0b6h6y	0.9799693
m.0bczjr	David Alpay	http://cdn.hollywoodpq.com/wp-content/uploads/2014/08/DAVID.jpg	Face_Id0	m.0bczjr	0.9540601
m.0bds4h	Everton Matambanadzo	http://st1.cricketcountry.com/wp-content/uploads/2014/04/1912035_10152627739877506_515213379_a.jpg	Face_Id0	m.null	0.09422935
m.0bh96hd	Sergey Korzhukov	http://i.ebayimg.com/00/$(KGrHqEOKpwE3t5yrVdnBN+eGQbe!w~~_35.JPG	Face_Id0	m.null	0.06806609
m.0bh9pqh	Sammy Adams	http://www.aceshowbiz.com/images/wennpic/sammy-adams-2012-mtv-video-music-awards-02.jpg	Face_Id0	m.0bh9pqh	0.9963998
m.0bhc15h	Diego Santilli	http://parabuenosaires.com/wp-content/uploads/2014/04/santilli.jpg	Face_Id0	m.null	0.2102307
m.0bjm2	Russell Mulcahy	http://www2.pictures.zimbio.com/gi/Russell+Mulcahy+NeSmPt18jsmm.jpg	Face_Id0	m.0bjm2	0.9997321
m.0bkmf	Clark Gable	http://galeri3.uludagsozluk.com/195/clark-gable_265345.jpg	Face_Id0	m.0bkmf	0.8688779
m.0bkx7d	Lance Rentzel	http://img.spokeo.com/public/900-600/lance_rentzel_1970_08_12.jpg	Face_Id0	m.0bkx7d	0.9078727
m.0bl2g	Dustin Hoffman	http://img.fannewscast.com/endustinhoffman/2?f=jpg&w=260	Face_Id0	m.0bl2g	0.978786
m.0bmf_m3	Ezequiel Cirigliano	http://calciomondo24.altervista.org/wp-content/uploads/2012/08/Ezequiel-Cirigliano.jpg	Face_Id0	m.0bmf_m3	0.999416
m.0brl4q	Antonio Mario La Pergola	http://www.ae-info.org/attach/User/La_Pergola_Antonio/la%20pergola%20antonio.jpg	Face_Id0	m.null	0.2806303
m.0brtdb	Caroline Seger	http://www.uefa.com/imgml/TP/players/18/2009/324x324/69895.jpg	Face_Id0	m.0brtdb	0.9999546
m.0bwg9h1	Josh Donaldson	http://xnsports.com/wp-content/uploads/2014/12/Josh-Donaldson-e1417635981113.jpg	Face_Id0	m.0bwg9h1	0.9944121
m.0bwl79p	Carel Gerretson	http://resources.huygens.knaw.nl/bwn1880-2000/lemmata/bwn3/images/GERRETSON.jpg	Face_Id0	m.null	0.08095715
m.0c0b9c	Tyson Kidd	http://1.bp.blogspot.com/-Bf-C0er34jI/TjQwsuWruoI/AAAAAAAAD-o/0xeK9noZt6Q/s1600/tyson-kidd-2.jpg	Face_Id0	m.0c0b9c	0.9997743
m.0c3_c3m	Jakwob	http://upload.wikimedia.org/wikipedia/en/3/35/James_Edward_Jacob_aka_Jakwob_headshot.jpeg	Face_Id0	m.0c3_c3m	0.9844358
m.0c3yd_j	Melissa Stribling	http://farm5.static.flickr.com/4095/4754793291_5b6a2b5065_b.jpg	Face_Id0	m.0c3yd_j	0.9750209
m.0c6lth	Greg Schiano	http://assets.nydailynews.com/polopoly_fs/1.951205.1318382786!/img/httpImage/image.jpg_gen/derivatives/landscape_635/alg-greg-schiano-runs-jpg.jpg	Face_Id0	m.0c6lth	0.9945799
m.0c6m94	Marco Marchionni	http://img.skysports.com/08/11/218x298/MarcoMarchionni_1507582.jpg	Face_Id0	m.0c6m94	0.9947583
m.0c7zzd	Casey Stoner	http://blog.motorcycle.com/wp-content/uploads/2012/05/051712-casey-stoner.jpg	Face_Id0	m.0c7zzd	0.999979
m.0c8_wj	Lucian Bute	http://2.bp.blogspot.com/_TLz03HbWRD0/S8UQ-ZAxDpI/AAAAAAAAAnw/G3inGdkTjuE/s1600/bute.jpg	Face_Id0	m.null	0.7985711
m.0cc6kms	Ji Dong-won	http://www1.pictures.zimbio.com/gi/Dong%2BWon%2BJi%2BKorea%2BRepublic%2BMen%2BOfficial%2BOlympic%2BmjokscZMzF9l.jpg	Face_Id0	m.null	0.423364
m.0ccjr7	So Ji-sub	http://www.soompi.com/wp-content/uploads/2013/07/korea_12_ji-sub-so_ghost.jpg	Face_Id0	m.0ccjr7	0.9887097
m.0cgx0n	Torsten Hallman	http://mototribu.com/blog/wp-content/uploads/2012/12/torsten_hallman.jpg	Face_Id0	m.null	0.06304906
m.0ch4jbs	Anthony Rendon	http://www.sportsnet.ca/wp-content/uploads/players/mlb/a/anthony-rendon.png	Face_Id0	m.0ch4jbs	0.9992561
m.0ch6l3m	Gary Hutzel	http://img1.wikia.nocookie.net/__cb20130212102737/memoryalpha/en/images/8/87/USS_Enterprise-D_two-foot_model_set_up_for_shooting_at_Image_G_by_Gary_Hutzel.jpg	Face_Id0	m.null	0.0925966
m.0cn_h3	Antonio Sacre	http://upload.wikimedia.org/wikipedia/commons/thumb/6/62/Antonio_sacre_2014.jpg/225px-Antonio_sacre_2014.jpg	Face_Id0	m.0cn_h3	0.8732288
m.0cnqgs	Dale Thomas	http://www2.pictures.zimbio.com/gi/Dale+Thomas+Collingwood+Magpies+Training+Session+zPy-WOhtntNl.jpg	Face_Id0	m.0cnqgs	0.9757447
m.0cx3m2	Hedley Atkins	http://ichef.bbci.co.uk/arts/yourpaintings/images/paintings/rcs/large/wmr_rcs_rcssc_p_439_large.jpg	Face_Id0	m.null	0.02247611
m.0cz8r2z	J Alvarez	http://soundsofspotify.com/images/artist/jalvarez_xl.png	Face_Id0	m.0cz8r2z	0.9816125
m.0d1_f	Elizabeth II	http://upload.wikimedia.org/wikipedia/commons/8/86/Queen_Elizabeth_II_1929.jpg	Face_Id0	m.null	0.05316641
m.0d1b8_	Owen Hart	http://www.pwpix.net/wp/wp-content/uploads/2015/05/owen-hart-27354040.jpg	Face_Id0	m.0d1b8_	0.8976075
m.0d2gn3	Alfred Tibor	http://www.dispatch.com/content/graphics/2011/12/11/tibor1.jpg	Face_Id0	m.null	0.3754507
m.0d3nr	George Westinghouse	http://3.bp.blogspot.com/-_wYO0sHAKmg/T-KFo0uI4YI/AAAAAAAACJA/oVRXQDfnQ9A/s1600/george%2B006.jpg	Face_Id0	m.0d3nr	0.9893986
m.0d4_x9	Mick Garris	http://www.superiorpics.com/pictures3/thumb270/mick_sd121648.jpg	Face_Id0	m.0d4_x9	0.9977325
m.0d9fz3	Bob Corker	http://upload.wikimedia.org/wikipedia/commons/9/94/Bobcorker.jpg	Face_Id0	m.0d9fz3	0.9997391
m.0d_w90	Maja Marijana	http://balkanupskirts.weebly.com/uploads/2/4/2/2/24224447/3894900_orig.jpg	Face_Id0	m.null	0.1163151
m.0dbylf	Nancy-Ann DeParle	http://www.businessfwd.org/speakers/image/Nancy-Ann.png	Face_Id0	m.null	0.3385374
m.0dljhbc	Beren Saat	http://images6.fanpop.com/image/photos/33100000/Beren-Saat-turkish-actors-and-actresses-33152787-1920-1200.jpg	Face_Id0	m.0dljhbc	0.2344886
m.0dlmdn_	Darren Criss	http://thebroadwayblog.com/wp-content/uploads/2015/02/Darren-Criss-cropped1.jpg	Face_Id0	m.0dlmdn_	0.9856445
m.0dq47	Bessie Smith	http://4e7221.medialib.glogster.com/media/3f9dd48355e8e37b155cde8f1854328c1ebe47ebc2a170aefc6961af70b62ad4/bessie-smith.jpg	Face_Id0	m.0dq47	0.9999275
m.0dqfx2	Alan Wynne Williams	http://thumbs.dreamstime.com/z/alan-wynne-williams-22788459.jpg	Face_Id0	m.null	0.07790016
m.0drnq_	Violette Morris	http://www.pilotos-muertos.com/2012/Violette/Violette%20Morris_image022.jpg	Face_Id0	m.0drnq_	0.9982009
m.0drx0my	Kia Silverbrook	http://www.netpage.com/images/about-kiaSilverbrookPhoto.png	Face_Id0	m.0drx0my	0.8851397
m.0ds4lwj	Rose Leslie	http://media.hollywood.com/images/638x425/4155888.jpg	Face_Id0	m.0ds4lwj	0.9998525
m.0ds98nx	Erick Torres Padilla	http://i2.esmas.com/2011/03/16/191315/erick-torres-300x350.jpg	Face_Id0	m.0ds98nx	0.9999686
m.0dsbldr	Romeo Gigli	http://dianepernet.typepad.com/.a/6a00d8341c76e453ef0115704c9d9d970c-500wi	Face_Id0	m.null	0.06277667
m.0dx5c4	Karl Dykhuis	http://notrehistoire.canadiens.com/media/73d90ed8cdc8768c/small/Dykhuis_Karl_1.jpg	Face_Id0	m.null	0.03899948
m.0dz361	Masatoshi Nei	http://www.kyocera.eu/poolcontent/eu/en/corporate/news/2013/Kyoto_Prize_2013__Inamori_Foundation_announces_this_year_s_laureates.-cps-87400-Image.cpsarticle.jpg	Face_Id0	m.null	0.5253294
m.0dzsqb	Wu Jing	http://img2.wikia.nocookie.net/__cb20130216022112/marvelcinematicuniverse/images/3/3c/Wu_Jing.jpg	Face_Id0	m.0dzsqb	0.8293127
m.0f0y8	John Coltrane	http://3.bp.blogspot.com/-LjrNJv3Tt5M/UU2uXf3IX7I/AAAAAAAADzs/gMYxJNyJ6Ow/s1600/john-coltrane-b.jpg	Face_Id0	m.0f0y8	0.6803142
m.0f8xnk	Bertram Mackennal	http://upload.wikimedia.org/wikipedia/en/thumb/f/f3/Bertram_Mackennal.jpg/220px-Bertram_Mackennal.jpg	Face_Id0	m.null	0.1288181
m.0fbnkh	India Knight	http://assets-prod.harpersbazaar.co.uk/culture-and-news/events/india-knight.jpg	Face_Id0	m.0fbnkh	0.9998573
m.0ff2k	Roald Dahl	http://upload.wikimedia.org/wikipedia/commons/2/29/Roald_Dahl.jpg	Face_Id0	m.0ff2k	0.9994015
m.0fp_d45	Wu Xiubo	http://media-cache-ak0.pinimg.com/736x/5c/43/59/5c43598b1a6558517f9dd64f506bed6f.jpg	Face_Id0	m.0fp_d45	0.999761
m.0fpj63z	Fritz Kalkbrenner	http://www.deephouseamsterdam.com/wp-content/uploads/2015/02/fritz-kalkbrenner.jpg	Face_Id0	m.0fpj63z	0.9999382
m.0fqzvc	Matt Albers	http://a.espncdn.com/combiner/i?img=/i/headshots/mlb/players/full/28525.png&w=350&h=254	Face_Id0	m.0fqzvc	0.9994734
m.0ftqr	Nobuo Uematsu	http://www.godisageek.com/wp-content/uploads/Lucca2007_Uematsu_30.jpg	Face_Id0	m.0ftqr	0.9999739
m.0fzjhv	Satoshi Hino	http://www.jasms.de/d_bank/hino_satoshi.jpg	Face_Id0	m.0fzjhv	0.2269781
m.0g2ycr	Murphy Jensen	http://www.csnwashington.com/sportsnetWashington/thumbnails/Comcast_Sportsnet_Washington_DC/878/511/kastlescoachwimbledon__platform_HIGH_Grid_1_640x360_36359747646.jpg	Face_Id0	m.0g2ycr	0.9922839
m.0g4t0d	Kat Von D	http://www.keysbase.com/wallpaper/kat-von-d/kat-von-d-13669.jpg	Face_Id0	m.0g4t0d	0.9999512
m.0g567x3	Danny da Costa	http://3.bp.blogspot.com/-L8wjSzYfk_w/Te8gdLJR5RI/AAAAAAAAA7c/59R1aodrQao/s1600/danny.jpg	Face_Id0	m.null	0.3221465
m.0g5rslp	John M. White	http://johnmwhite.artadvice.com/images/john_home.png	Face_Id0	m.null	0.1425665
m.0g5rt3z	Becca Fitzpatrick	http://media-cache-ec0.pinimg.com/736x/4b/51/76/4b51761fa651a605a39d43fb4902e9f8.jpg	Face_Id0	m.0g5rt3z	0.9998918
m.0g6k43	Jenji Kohan	http://pmcdeadline2.files.wordpress.com/2010/10/jenji-2.jpg	Face_Id0	m.0g6k43	0.9976833
m.0g6svdg	I-Octane	http://zipfm.net/sites/zipfm.net/files/news/screen-shot-2014-02-11-at-1-20-55-am.png	Face_Id0	m.0g6svdg	0.9761781
m.0g8471	Mabel Walker Willebrandt	http://www-tc.pbs.org/kenburns/prohibition/media/photos/S2496-bio.jpg?101220111134AM	Face_Id0	m.0g8471	0.9987823
m.0g8869	Cristian Solimeno	http://content7.flixster.com/photo/13/62/12/13621289_ori.jpg	Face_Id0	m.0g8869	0.9986076
m.0g9m4	Alfred Tarski	http://filosofia.dipafilo.unimi.it/~casalegno/Zritratti-tarski.jpeg	Face_Id0	m.null	0.07019148
m.0g9t7_0	Genevieve Morton	http://www.hawtcelebs.com/wp-content/uploads/2012/03/GENEVIEVE-MORTON-at-Ceremony-Screening-at-Angelika-Film-Center-in-New-York-1.jpg	Face_Id0	m.0g9t7_0	0.9939191
m.0g9xp95	Mohamed Bouazizi	http://www.africaresource.com/rasta/wp-content/uploads/2011/01/Mohammed-Bouazizi.jpg	Face_Id0	m.0g9xp95	0.9998778
m.0gbwwl_	Raju Shrestha	http://image.tmdb.org/t/p/w500/gGgU4LIOD64DBiXkagDwinuw7Xb.jpg	Face_Id0	m.0gbwwl_	0.9772149
m.0gdklbx	Tara Sands	http://cdn.myanimelist.net/images/voiceactors/1/35719.jpg	Face_Id0	m.0gdklbx	0.9949072
m.0gfgrb0	Rory Jenkins	http://www.classiclions.co.uk/wp-content/uploads/2014/03/Rory-Jenkins.jpg	Face_Id0	m.null	0.3519909
m.0gfll9	Hans-Dieter Flick	http://p5.focus.de/img/fotos/crop477727/8812715523-w1200-h627-o-q75-p5/Hans-Dieter-Flick.jpg	Face_Id0	m.0gfll9	0.927615
m.0gh8vmq	Dallas Clayton	http://g-ecx.images-amazon.com/images/G/01/ciu/91/65/a8f024e617bd0ad8956e97.L._V385385323_SX200_.png	Face_Id0	m.0gh8vmq	0.9023932
m.0gktk2	Mamady \"Wadaba\" Kourouma	http://www.djembefola.fr/images/cd/mamady_wadaba_kourouma_sabari.jpg	Face_Id0	m.null	0.1537503
m.0glr3mj	Lauren Oliver	http://9f1780.medialib.glogster.com/media/6f62dccb432a86a6e50b40c3209e20d385071d515315ac591494cc3876e6038a/lauren-oliver.jpg	Face_Id0	m.0glr3mj	0.9995081
m.0gmtk9	Joseph A. O'Hare	http://1.bp.blogspot.com/_drsACX1RqfU/SiNF8EZvv2I/AAAAAAAACWo/_IbkgUdEquc/s320/Fr.+Joseph+O%27Hare,+S.J..jpg	Face_Id0	m.null	0.3399056
m.0gnb0g	Shinichi Tsutsumi	http://www.spcnet.tv/thumbnail.php?img=http://s3.amazonaws.com/spcnet-images/images/actors/LvPCYT-1904.jpg&width=250&height=250	Face_Id0	m.0gnb0g	0.3863024
m.0gtx_4g	Chantavit Dhanasevi	http://3.bp.blogspot.com/-1Qtx1UAV1-E/UzUQG-Ii8II/AAAAAAAAL0c/MeuX2Wz066M/s1600/Thai+model+Chantavit+Dhanasevi+3.jpg	Face_Id0	m.0gtx_4g	0.9992688
m.0gv5c	Ben Hecht	http://media-cache-ak0.pinimg.com/736x/9e/8c/73/9e8c73c5d790476bb348c19d63da9982.jpg	Face_Id0	m.0gv5c	0.9961027
m.0gvqw50	Grimes	http://i.ytimg.com/vi/4sD1dQ589dY/maxresdefault.jpg	Face_Id0	m.0gvqw50	0.9006971
m.0gvrdp3	Hollie Stevens	http://cdn.attualissimo.it/wp-content/uploads/2012/07/Hollie-Stevens.jpg	Face_Id0	m.0gvrdp3	0.9319623
m.0gwzpbh	Jack Vale	http://ia.media-imdb.com/images/M/MV5BMjAwNDgyMDI4OF5BMl5BanBnXkFtZTcwODg4NTYxNA@@._V1_SX640_SY720_.jpg	Face_Id0	m.0gwzpbh	0.9681947
m.0gy19gp	Carlos Fierro	http://www.aceshowbiz.com/images/wennpic/carlos-fierro-screening-colombiana-01.jpg	Face_Id0	m.0gy19gp	0.7700741
m.0gy6z9	Mark Wahlberg	http://www.liveforfilms.com/wp-content/uploads/2014/11/Mark_Wahlberg.jpg	Face_Id0	m.0gy6z9	0.8291616
m.0h004m	Elba Ramalho	http://upload.wikimedia.org/wikipedia/commons/c/ca/Elba_Ramalho_%282005%29.jpg	Face_Id0	m.null	0.05072308
m.0h0p_	P. G. Wodehouse	http://media-cache-ec0.pinimg.com/736x/e2/5f/57/e25f5747259024fb387ec7f5f9eb9c7d.jpg	Face_Id0	m.0h0p_	0.8343142
m.0h1djjb	Frank Edwards	http://1.bp.blogspot.com/-vibSLccVSjs/Txiorz-fvQI/AAAAAAAAAiQ/LVXwHerrfgk/s1600/Frank+Edwards+2.JPG	Face_Id0	m.null	0.543511
m.0h1gw0	Moyna Macgill	http://cdn4.static.ovimg.com/m/0h1gw0/?width=150	Face_Id0	m.null	0.1500715
m.0h1h4b4	Eric Ries	http://media-cache-ak0.pinimg.com/736x/07/b9/7c/07b97c6474f158f335a66a07cfc2422c.jpg	Face_Id0	m.0h1h4b4	0.9152769
m.0h3nzng	Ram Rothberg	http://www.kan-naim.co.il/ArtPic/GenRamRothbergCommanderOfTheNavyBackgroundDvora-classFastPatrolBoat_t208k-n_24-01-14_01.jpg	Face_Id0	m.null	0.02288819
m.0h6962r	Brian Montenegro	http://cde.peru.com/ima/0/0/8/9/9/899845/611x458/brian-montenegro.jpg	Face_Id0	m.null	0.1052805
m.0h7q486	Dading Kalbuadi	http://i20.photobucket.com/albums/b220/yuniarpw/dading.jpg	Face_Id0	m.null	0.07039679
m.0h7th7	Bob Ralston	http://www.welkmusicalfamily.com/RobertRalston.jpg	Face_Id0	m.null	0.01825973
m.0h94lgp	Tyrann Mathieu	http://cdn.slamonline.com/wp-content/uploads/2014/11/tyrann_mathieu.jpg	Face_Id0	m.0h94lgp	0.9993512
m.0hfml	Buzz Aldrin	http://2.bp.blogspot.com/-8BdnD2k6PIo/Td5w7mYidzI/AAAAAAAAAKU/ORN8Idu_kMo/s1600/buzz_aldrin_apollo_11.jpg	Face_Id0	m.0hfml	0.8893007
m.0hqfr	Ho Chi Minh	http://www.thefamouspeople.com/profiles/images/ho-chi-minh-12.jpg	Face_Id0	m.0hqfr	0.9886255
m.0hr3g	Richard Strauss	http://www.tate.org.uk/art/images/work/AL/AL00092_10.jpg	Face_Id0	m.0hr3g	0.9945127
m.0hw1j	Robert Towne	http://upload.wikimedia.org/wikipedia/commons/3/3f/Robert_Towne_1.jpg	Face_Id0	m.0hw1j	0.9981455
m.0hzpkh0	Lee Chung-ah	http://www.k-addicts.net/static/download/artists_images/lee-chung-ah/lee_chung_ah_03.jpg	Face_Id0	m.0hzpkh0	0.9978079
m.0j59j0d	London Keys	http://media.mademan.com/chickipedia/uploaded_photos/7/74/London_Keyes-lovely-chickipedia-babe-smoking-hot-skin-young-eyes_thumb_585x795.jpg	Face_Id0	m.0j59j0d	0.9815736
m.0j7jmtp	Yeon Woo-jin	http://doramakun.ru/thumbs/users/7581/2014/Y/Yeon-Woo-Jin/Nylon-November-2014-Extra/Yeon-Woo-Jin01-475.jpg	Face_Id0	m.0j7jmtp	0.8933882
m.0jkvr5f	Julia Stone	http://resources3.news.com.au/images/2012/05/27/1226367/967731-julia-stone.jpg	Face_Id0	m.0jkvr5f	0.166414
m.0jt7ypz	Neha Mehta	http://4.bp.blogspot.com/-Y4hykgn46hs/Tjy1XUi5fHI/AAAAAAAACcA/AkwgZrYX8sg/s1600/0e03530b.jpg	Face_Id0	m.0jt7ypz	0.9790908
m.0jt88b3	Aloy	http://otroblogsobrecr.files.wordpress.com/2013/01/aloy.jpg	Face_Id0	m.null	0.06304655
m.0k269	Ewan McGregor	http://itsoktobeweird.com/wp-content/uploads/2013/02/ewan-mcgregor.jpg	Face_Id0	m.0k269	0.5046676
m.0k53j3	Diogo Morgado	http://media-cache-ec0.pinimg.com/736x/00/08/9b/00089be4a86e2d7775897bea23d57551.jpg	Face_Id0	m.0k53j3	0.9997848
m.0k6g7yp	Aaron Loup	http://assets1.sportsnet.ca/wp-content/uploads/players/mlb/a/aaron-loup.png	Face_Id0	m.0k6g7yp	0.9998327
m.0kd58jn	Tomohiko Hoshina	http://getitfromboy.net/wp-content/uploads/2012/07/TOMOHIKO-ALDABA-HOSHINA.jpg	Face_Id0	m.null	0.1486196
m.0kr2x	Jeffrey Eugenides	http://www.interviewmagazine.com/files/2011/09/24/img-jeffrey-eugenides_162207523863.jpg	Face_Id0	m.0kr2x	0.9996044
m.0ks7_h	Mariano Pavone	http://laaficion.milenio.com/cruzazul/Mariano-Pavone_MILIMA20131105_0448_11.jpg	Face_Id0	m.0ks7_h	0.9996488
m.0l8gxl4	Kidd Kidd	http://www3.pictures.zimbio.com/gi/Kidd+Kidd+FilmDistrict+Cinema+Society+L+Oreal+5jAKge7mrPPl.jpg	Face_Id0	m.null	0.08153611
m.0l8ngxh	Rusty Troy	http://www.nasljerseys.com/images/MISL/Blast/Blast%2088-89%20Home%20Rusty%20Troy.jpg	Face_Id0	m.null	0.3098892
m.0ljf9nv	Walter Gervers	http://www2.pictures.zimbio.com/gi/Walter+Gervers+24th+Annual+KROQ+Almost+Acoustic+ziliYuNfjbZl.jpg	Face_Id0	m.null	0.02153092
m.0mq4q	Quentin Crisp	http://media-cache-ec0.pinimg.com/736x/4b/f7/c8/4bf7c8933b10771ce49a1bb2705bebef.jpg	Face_Id0	m.0mq4q	0.9994097
m.0n49_c6	Benji Joya	http://cache3.asset-cache.net/gc/475740654-benji-joya-of-usa-u21-during-the-festival-gettyimages.jpg?v=1&c=IWSAsset&k=2&d=GkZZ8bf5zL1ZiijUmxa7QVxm8gDXyZHf53dJkCr5W1%2bueAZuHygl0sbooBC4W%2bOUE2MTO0CjBqFkg0nxcL5Frg%3d%3d	Face_Id0	m.0n49_c6	0.9611701
m.0nb18xp	Jamillah Knowles	http://m.c.lnkd.licdn.com/mpr/mpr/shrinknp_400_400/p/4/000/149/2a9/124452c.jpg	Face_Id0	m.null	0.01704505
m.0nc7ddw	Oscar Hilman	http://www.uscis.gov/sites/default/files/images/Oscar_Bautista_Hilman.jpg	Face_Id0	m.null	0.01992496
m.0q43q	Everett Dirksen	http://www.tcghs.org/photos/dirksen.jpg	Face_Id0	m.null	0.1858447
m.0qb4t12	Tyler Farr	http://www.allaccess.com/assets/img/editorial/raw/ty/TylerFarr.jpg	Face_Id0	m.0qb4t12	0.9998092
m.0qk33	Theodore Olson	http://www2.pictures.zimbio.com/gi/Theodore+Olson+NFL+Lockout+Case+Heard+Federal+HpKLpX3XftTl.jpg	Face_Id0	m.0qk33	0.9584611
m.0r4xqmh	Li Jiheng	http://www.chinavitae.com/photos/li.jiheng.2076.jpg	Face_Id0	m.0r4xqmh	0.9856499
m.0ryvft4	Kristian Nairn	http://images.thehollywoodgossip.com/iu/t_full/v1396555292/kristian-nairn-photo.jpg	Face_Id0	m.0ryvft4	0.9999933
m.0tj9	Amitabh Bachchan	http://3.bp.blogspot.com/-qUNIFA7GNVQ/UAO3eprqTaI/AAAAAAAAAKE/3hGAJXvquRg/s1600/5.jpg	Face_Id0	m.0tj9	0.9963051
